PlayerID,Position,Game_No,Age,Rookie,EVO,EVD,PP,SH,GSAx
8473419,F,13,-0.0277401293895586,0.0,0.03085267272347754,-0.009340148370089162,0.0024879764970071154,0.0014523280158863046,0.0
8473422,F,12,-0.0255711713486586,0.0,-0.0066504584703364275,0.007578058736281501,0.001581778377657241,-0.0015653906337928284,0.0
8473507,D,14,0.0,0.0,0.0010497305527886799,-0.014608491838756513,0.0001080178934127758,0.000782740753192374,0.0
8475179,D,3,0.0,0.0,-0.016175166164507156,-0.0004193949835765475,-0.00037859039323842836,-4.832539825324819e-05,0.0
8475683,G,11,-0.055694298413849236,0.0,0.0,0.0,0.0,0.0,-0.022199236003565232
8476473,D,15,0.0,0.0,-0.0003133220968420812,0.03402095631209788,-0.0005139292704448042,-0.0008729688901756421,0.0
8476882,F,15,-0.006706364550115048,0.0,-0.018542748500104428,0.017993167408713456,0.010246616087793167,-4.059953310864414e-05,0.0
8476891,D,15,0.0,0.0,-0.0048227483098595425,-0.012313866281958656,0.0012275010322030356,0.0002579373922749769,0.0
8477409,F,14,-0.004210427142365818,0.0,0.061014658995961285,-0.00947422405624865,0.011955463545744944,8.369837397038465e-05,0.0
8477444,F,14,-0.003997401028299509,0.0,-0.010939931196974496,-0.02762526047507569,0.0029409441399662582,0.0001925209634382923,0.0
8477450,F,9,-0.003925372973192907,0.0,-0.04409619912368906,0.044443510915874375,-0.0013088717971626402,-0.0017190167113415719,0.0
8477479,F,14,-0.005063379019232476,0.0,0.007053499790980279,-0.02492556874611742,0.011077897405287845,-6.78626131299536e-06,0.0
8477495,D,14,0.0,0.0,0.005755062293725495,-0.005395347726007762,0.0030948405782995105,0.0013279822617493996,0.0
8477932,D,14,0.0,0.0,0.024606090525445316,-0.0024773536206860883,0.0021175261961925637,0.0020400852076830037,0.0
8477933,F,14,-0.003964882613636232,0.0,0.02613857575582207,0.056287073174584895,0.012313382807770163,0.00563296582468187,0.0
8477935,F,14,-0.0012580646270571336,0.0,0.04553904979451124,-0.019808024949042248,0.00240295416423534,-0.0003638452941053514,0.0
8477987,F,15,-0.0017023423233668974,0.0,0.029408483443540984,-0.006619543701461775,-0.002787087455280746,-0.00012575448209544495,0.0
8478043,F,4,-0.003475143104754031,0.0,-0.07701784719796759,-0.0041610026033669575,-0.002171834751492991,0.0005852680324981512,0.0
8478055,D,14,0.0,0.0,0.04547064091411798,0.026636101379082427,-0.0019101121144345931,0.0009978620362748275,0.0
8478421,F,14,6.750882684223046e-05,0.0,-0.02333772860294642,0.016459554174657717,-0.0003456663053776641,0.0003826339104721821,0.0
8478542,F,14,-0.00967885685594783,0.0,0.005329441796625725,0.009925577385699616,-0.0005702556912241812,-8.896552032743103e-06,0.0
8478859,D,14,0.0,0.0,-0.014715454115566743,0.018543826746757256,-0.0003560381842902054,0.0012945065585950226,0.0
8479316,F,11,0.002620324820103283,0.0,-0.06681039552464546,-0.03728567329068523,-0.0028702943581735726,-0.0020200422081310433,0.0
8479981,F,11,0.0014471460960493996,0.0,-0.01956889015544352,0.0013205926315082355,-0.0004816870498058038,-3.896893323006705e-05,0.0
8480003,F,14,0.00378953299021692,0.0,-0.02999237195524667,0.004549213430339507,-0.0010102415506076006,1.9219179107800592e-05,0.0
8480185,F,14,0.005306631787087479,0.0,-0.02515573460058062,0.03310669569730401,-0.0040883486987524035,-0.0012240018762112413,0.0
8481519,G,11,0.016973122455328782,0.0,0.0,0.0,0.0,0.0,0.040748168307741243
8481624,F,13,-0.0056982873035000695,0.0,-0.0005357473745198366,0.03572887285028591,-0.007102624913336554,-0.0011063901918643543,0.0
8482113,F,14,0.014233553503452165,0.0,0.006218831219687792,0.023295946650174062,-0.005311069019990205,0.0027691112279264784,0.0
8482176,D,15,0.0,0.0,-0.00048022836640148085,0.02760954741531209,0.0003470401240272689,-0.0011767816960084106,0.0
8482703,F,15,0.002274717103618177,0.0,-0.008785910741134079,-0.004279507750164193,-0.0009198435568444384,-4.4774389536511725e-06,0.0
8482713,F,14,0.006563526472739898,0.0,-0.004733212657714772,0.005658327263312959,0.0057510405765767,-2.2704666796935644e-05,0.0
8482807,D,2,0.0,0.0,-0.01321610972670936,0.01310549631029487,-5.587644331846011e-05,0.00016777839034113752,0.0
8483450,F,15,0.0,-0.022018414995,-0.0005446906595212768,-0.0030216019188756818,-0.0007181544258661493,-0.0005276843299108755,0.0
8483493,F,15,0.006491178461897287,0.0,0.0018848980351973848,-0.018993753558813845,-0.0004883144511345207,-0.0010476740461171198,0.0
8483506,D,15,0.0,-0.028432817345,0.001962789733366895,-0.006045801870312361,-0.000917463558066217,-0.00015440266809358996,0.0
8484144,F,15,0.02492188303956579,0.0,0.00592219262619586,-0.05541300642172421,0.014095149906045375,0.00018549916707430772,0.0
8484783,D,14,0.0,-0.0286710811775,0.002573889411746492,0.0005409634234165804,0.002001714165528111,0.00014318196166475242,0.0
8471215,F,15,-0.032583105074897895,0.0,0.010192339192677698,-0.02255678197785461,0.010725146420399118,3.1906486566945855e-06,0.0
8471675,F,15,-0.03480538933290412,0.0,0.0960672051752321,-0.03393248352327842,0.008689221869277338,-5.8172398508245044e-05,0.0
8471724,D,15,0.0,0.0,0.002102996235607092,-0.011871329540575739,-0.00047544609728288577,-0.0002610420571084314,0.0
8474578,D,15,0.0,0.0,0.06762953478237112,-0.043025887845452186,0.004741864677769222,2.88227364839157e-05,0.0
8475842,F,15,-0.010104248659574598,0.0,-0.05213553202475724,0.01798792548112627,-0.0009139349442439888,0.0010209936609655104,0.0
8476389,F,3,-0.014579664000693873,0.0,0.026706102307319117,-0.009334039272963602,-0.0014017134076589467,0.0019746559343396153,0.0
8476459,F,15,-0.012804080271163877,0.0,-0.009252391829517774,0.0032979278160683747,0.006425657819588339,0.004049218404978804,0.0
8476468,F,15,-0.012224248453408791,0.0,0.03328530699786546,0.0007690688308267233,0.006386947372032329,0.0009343585165983237,0.0
8476483,F,10,-0.01223660411417958,0.0,0.025990179775031427,-0.004324256783717591,-0.002622316728511956,0.000468792667602982,0.0
8477369,D,11,0.0,0.0,-0.035564980615340795,0.012411637011382787,-0.0008214829083359991,-0.0004951867936713606,0.0
8477511,F,15,-0.003214235105380559,0.0,0.03280532044976719,0.031542960554432606,-0.0037222211693163257,0.0005082516833907906,0.0
8477839,F,15,0.0,-0.022018414995,-0.0053604658748603855,0.006205400742189794,-0.0008168031849719274,-0.0011126338972868445,0.0
8478048,G,12,0.0018582769541109951,0.0,0.0,0.0,0.0,0.0,0.04336722947867264
8478438,F,15,0.0008031262349871221,0.0,0.036544987619893346,-0.016019111637829177,0.003151417055515318,2.1812646311725432e-05,0.0
8478450,D,15,0.0,0.0,-0.011688013354933535,0.023213934552394115,-0.0006917224296202915,0.0015146454871300787,0.0
8478452,D,8,0.0,-0.0301006641725,0.0009941195073753216,-0.004345659534116944,-0.00021105483342091457,-0.00025329220814636696,0.0
8478550,F,15,-0.018540025246268736,0.0,0.08848387712791621,-0.0004920175676574757,0.0120478084912656,0.0001786973178985642,0.0
8478569,F,14,-0.011688772452795778,0.0,-0.07866517621288426,0.0016989920164714348,-0.0008095713828952824,-0.00252369439599651,0.0
8478840,D,15,0.0,0.0,-0.021705100122076923,-0.0038322458919516017,-0.00037407717078809103,-0.0008944898839517166,0.0
8478854,D,15,0.0,0.0,-0.011973820861542882,-0.01482341526365344,-4.612436930003498e-05,0.0008338778381251635,0.0
8478882,D,15,0.0,0.0,-0.006791348261749164,0.03643554909885369,-0.000987244761579491,-0.0007690437433576448,0.0
8479323,D,15,0.0,0.0,0.07909187456360954,0.050497860950202866,0.008000205952871473,0.0019191168318875027,0.0
8479390,F,15,0.003190598149752504,0.0,-0.012128750210496113,0.02701627297128106,-0.010109052740624675,0.0006378215635585922,0.0
8479638,F,13,0.0015106397860855973,0.0,-0.0011221642372873314,0.0069594840372851855,0.00016816890667268073,4.495262469373753e-05,0.0
8480001,D,11,0.0,0.0,-0.023200721953341504,0.03428804555819116,-0.00014340459624283703,-0.00010493518138043614,0.0
8480980,F,15,0.004348636370184404,0.0,-0.05153733946036255,0.025562773618203857,-1.1052020556430773e-05,6.896445293464714e-05,0.0
8481481,F,15,0.0020022648215713866,0.0,-0.03091533008237189,0.02436452641875078,5.2561773615274394e-05,9.894688726357873e-05,0.0
8481577,F,7,0.007821190636146585,0.0,-0.010925482382745114,-0.006395765049885668,0.004935425392971481,-1.1413557594210617e-06,0.0
8481668,G,8,0.006016913970472972,0.0,0.0,0.0,0.0,0.0,0.005524508855414488
8481726,F,15,0.0022573714902857957,0.0,-0.01742422148331743,0.010522012311430351,-0.00023562477834430744,-4.679708008081314e-06,0.0
8482073,D,15,0.0,0.0,-0.004380380043383855,-0.030656413550838386,-0.0008165832423924729,0.0012912682184788903,0.0
8482109,F,15,0.015472229695238442,0.0,0.026760948514423597,-0.021629816984834106,-0.013490121992298867,0.00017557751257927528,0.0
8482157,F,15,0.011166150813370341,0.0,-0.007891115548848467,0.011701539028835993,-0.0009633467864168716,0.0015483769659318768,0.0
8482460,F,10,0.0022435385641984894,0.0,-0.010100242253866493,-0.0049277455394624615,4.6383761984825605e-05,-1.5323896214810553e-06,0.0
8482758,F,8,0.0,-0.0233099979975,0.0021320233522222204,0.0019606385686687946,-0.0005688439922408234,0.0,0.0
8483690,F,15,0.0,-0.022018414995,-0.006106215160222453,0.0042900325886218015,0.0010080788840959487,-0.00014642284558204113,0.0
8484839,D,10,0.0,-0.0296241365075,0.0021397344766787446,-0.004178507063504802,-0.0006107798967181011,5.623417157694281e-05,0.0
8485414,F,13,0.0,-0.02238743871,0.005487794366725479,0.0013609101435732005,0.004225376927716007,0.0,0.0
8470613,D,15,0.0,0.0,0.042507179940995926,-0.004846649270199449,-0.00576105707720188,0.0002397738010074911,0.0
8471685,F,11,-0.03440638766180453,0.0,0.014284706737817201,-0.002104491256240574,0.005138226122301756,-0.002056376601424192,0.0
8474563,D,15,0.0,0.0,-0.008054809704633322,0.021705735772647006,-0.0050820052554104034,0.0006840932754570059,0.0
8475208,D,15,0.0,0.0,-0.025614878196555002,0.013945576071064125,0.00032494905880716145,0.00036116304057228486,0.0
8475311,G,11,-0.026096745990253394,0.0,0.0,0.0,0.0,0.0,0.018029340147846743
8475754,F,15,-0.017416478013109735,0.0,0.03838682320873352,-0.006535129528522285,-0.010138425799513134,0.0017099220911279203,0.0
8475809,G,13,-0.007742053247520636,0.0,0.0,0.0,0.0,0.0,-0.011527988633768829
8476312,D,15,0.0,0.0,-0.005820608738357689,0.010061967439125529,0.0001966299683238731,0.0018306419162434201,0.0
8476441,D,15,0.0,0.0,-0.008072735071764581,-0.032944565731632944,0.00045336999741959105,0.00016658312012685918,0.0
8476455,F,15,0.0,-0.022018414995,0.003926120187968189,0.002450807617853857,-0.004245332344777152,7.230291966236224e-05,0.0
8476469,F,15,-0.008408338627092015,0.0,-0.03800668638261434,0.00646065216238077,-0.006022468985869913,0.0017554999999247049,0.0
8476479,F,15,-0.012387099308709477,0.0,0.027079281978126462,0.011325459747860991,-0.013913531665696515,-2.0444433686671315e-05,0.0
8476879,D,15,0.0,0.0,-0.013727536527171779,-0.04055545254597977,-0.00042412538598164706,0.0005022191617331957,0.0
8477476,F,15,-0.003862998940215747,0.0,0.07140081121378772,0.010644041888792633,-0.01165985445534111,0.0004103920228526216,0.0
8477492,F,15,-0.005082334589825742,0.0,0.16047164096299493,-0.001830511198741491,0.03176840668865485,0.0001344874996447686,0.0
8477501,F,15,-0.0038977224068530683,0.0,0.026105255473403855,-0.016965459247346715,0.004590485447209631,0.001984108468411975,0.0
8477942,F,15,-0.0011769031159282754,0.0,0.01444015924312518,0.01631234607559281,0.010241648198969295,-1.886397655593992e-06,0.0
8477960,F,15,-0.0007243411057358711,0.0,0.019035206118606287,0.009667233147077885,0.00582415333613303,-2.1843222918945754e-05,0.0
8477998,F,11,-0.0019174409104930168,0.0,0.04906580689127991,0.020113629175510184,-0.005046210998293802,-0.0003759928632515563,0.0
8478038,D,15,0.0,0.0,0.031689970251775106,0.031100167406930092,-0.007956536101246208,0.0011600446715813045,0.0
8478109,F,15,-0.0025515947722668636,0.0,-0.01799122849131517,0.030351681450851486,0.0038155513606137467,-5.793924187734991e-06,0.0
8479398,D,3,0.0,0.0,0.0421355667783276,-0.019789571490600753,-0.003985583331267796,-0.0003364401205535101,0.0
8479525,F,15,-0.0005008277125623521,0.0,0.020700011257563808,0.01567154776191753,-0.005293414003476192,-9.083090395108023e-05,0.0
8479675,F,14,-0.004885916389254711,0.0,0.022654087385986014,0.0013765593347939227,-0.005573387874182113,0.0002011396762631591,0.0
8479998,D,15,0.0,0.0,-0.05352960679303423,0.052759346193360944,-0.00043294891474162517,-0.0016345266237460816,0.0
8480039,F,15,0.007005704168905382,0.0,0.04353047677596514,-0.030113652045292216,0.017482361873896048,1.84825045584025e-06,0.0
8480069,D,15,0.0,0.0,0.06185194743239064,-0.0012305124468216721,0.0273241260124373,0.0044443643133202215,0.0
8480448,F,15,0.005329633426581681,0.0,-0.06543388833187729,0.026715220941409563,-0.0004798474312735027,0.000590658621496137,0.0
8480835,F,15,0.006256300987140207,0.0,-0.0188830853255908,0.025871692576529624,0.00044793792393911806,-0.00036329244933712944,0.0
8481532,F,15,0.004726044104056655,0.0,0.013449685270791607,0.019372440461214654,-0.002778108947851207,-2.4067069755846753e-06,0.0
8481641,F,6,-0.0014212596201386202,0.0,-0.03050617055833441,0.03443561563967486,-0.00015166835295981083,-0.0005660827780310251,0.0
8482124,F,15,0.017348363715975156,0.0,0.01640237821516198,0.03609431691543713,-0.003013581174991024,0.0015413517679055393,0.0
8482155,F,15,0.011436267870601924,0.0,0.0004966562587494245,0.0026500784071942763,-0.010780666122586229,-0.00046659258982987244,0.0
8482408,F,13,0.0,-0.02238743871,-0.0010151557006619848,0.0037062349334502677,-1.5270979657471767e-05,0.0,0.0
8482730,D,15,0.0,0.0,0.039870226062870016,-0.007863096661036507,-0.008274149104270066,0.00014723641059327113,0.0
8483808,F,15,-0.002090573891800392,0.0,0.010890550617587647,-0.0047038002490104435,0.0030632884197153033,1.3775132419535914e-05,0.0
8484149,F,13,0.0,-0.02238743871,-0.002793039776517939,0.0003760521793113736,-0.002221509158197166,0.0005191066639952895,0.0
8484258,D,15,0.0,0.0,0.01512614891123552,0.016647097703657417,0.0007382924930188562,0.0004919597217264701,0.0
8475166,F,15,-0.0196258160342904,0.0,0.0299303584207993,0.012739992129905522,0.010723609099412886,4.9084188600907217e-05,0.0
8475171,D,15,0.0,0.0,0.010933515871847103,-0.01755841898963728,-0.003405742890845022,-8.414272687342418e-05,0.0
8475690,D,9,0.0,0.0,0.006893658339465614,0.07568602156573816,-4.559703340937217e-05,-0.002940912477806642,0.0
8475714,F,11,-0.0068886295667259815,0.0,-0.010942462690804143,0.005319297560711398,-0.003563722624101689,-0.0013711407408508818,0.0
8475848,F,14,-0.010965182354004038,0.0,0.051884484617168096,-0.0038429275194752327,-0.011001906371362346,-6.9210877053065e-06,0.0
8476853,D,14,0.0,0.0,0.02724916628784336,-0.026326377602488075,0.007270790477866589,0.0005594676568998469,0.0
8476875,D,14,0.0,0.0,-0.018176446825806523,-0.00405965870514955,-0.004238976594728843,-9.102513846471745e-05,0.0
8476931,D,15,0.0,0.0,0.03947514388243981,0.02043659543554386,-0.001473034630173163,-0.002445203527216817,0.0
8476932,G,12,-0.005197641571502695,0.0,0.0,0.0,0.0,0.0,0.019619076897801235
8476981,F,14,-0.007124714487979103,0.0,-0.019535360591967,-0.042978588157348015,-0.008767997766994337,-0.001423964840896198,0.0
8477503,F,15,-0.004577344389797698,0.0,0.021140752479067906,-0.029032289387576075,-0.009135714695046739,0.00021850738113327902,0.0
8477939,F,12,-0.00214186824561126,0.0,0.05989478398216549,-0.025095144273259703,0.019848631641591473,0.0010087767507774186,0.0
8478057,F,15,-0.0010494210553668355,0.0,-0.02750536084372929,-0.0009048700305156836,-0.0007332382811678112,-0.0006269624879515676,0.0
8478133,F,14,-0.0013799657086695485,0.0,-0.0243790310500404,0.016407287414160827,-0.00042398905539110083,-0.00021945736018416922,0.0
8478443,D,15,0.0,0.0,-0.028603153088319972,0.0188004327870441,-0.0005803944180045245,-1.594092142173176e-06,0.0
8478462,F,15,0.00047402773892122804,0.0,-0.014290567812840648,0.01650925115851306,-0.0074226966937985224,-0.00311463279450672,0.0
8478470,G,8,0.00596779027359423,0.0,0.0,0.0,0.0,0.0,-0.017233513580001004
8478851,D,14,0.0,0.0,-0.004574775179971163,0.008328104322994355,-0.001116429081474787,-0.0006904240419380556,0.0
8478904,F,10,-0.0010729846530095023,0.0,-0.029302254374274892,0.02468924468015439,-0.0005079369374021692,-2.6195495280834753e-06,0.0
8479318,F,15,0.002674867738197708,0.0,0.11179739383388189,0.002054811211747146,0.012208448013479095,-0.00027472096851386297,0.0
8479339,F,6,0.002141027564117976,0.0,-0.022282214027202374,-0.016258621435370536,0.004487821823712313,-9.20255428803186e-06,0.0
8480018,F,14,0.010274036751983665,0.0,0.06172773826652067,0.021232765154979027,0.013555743604892968,0.001451440302858607,0.0
8480865,D,14,0.0,0.0,0.03239671359300266,0.016630488826021902,-0.0018283160594248903,-0.0005340499252100271,0.0
8481122,D,14,0.0,0.0,-0.04950834540304788,-0.0054678647452665995,-0.0001667088738401786,0.00028267946163662496,0.0
8481523,F,11,0.010235530093302025,0.0,-0.018096333371295684,-0.006223255222199376,-0.007037230813844944,0.0006929290116938927,0.0
8481540,F,14,0.013158572963638848,0.0,0.06272742313581055,-0.006163080292564317,0.006173696113152891,0.00034258993615476056,0.0
8481582,F,14,0.007115734364292046,0.0,-0.005305307478636312,-0.013542447595298839,-0.004862290904568167,0.0005215394810012081,0.0
8481618,F,14,0.010851085575599622,0.0,0.006381486061887992,-0.04562284911097254,-0.009577569486422417,-0.001673472208498255,0.0
8481711,F,14,0.009130471845351129,0.0,-0.0036783478473961647,0.021675833258830633,-0.009107804780928305,0.00026506250285487546,0.0
8482087,D,6,0.0,0.0,-0.010064296459676634,0.01516333103332544,-0.0006904805232703748,7.226877213729671e-05,0.0
8482259,F,15,-0.0008021678835893075,0.0,0.013891288317817944,0.010351622881572663,-0.003642341290496471,0.0005135791872410899,0.0
8482720,F,15,0.014713555119987315,0.0,0.020074228439111122,0.004492102723908374,-0.000836660414572271,-0.001559687252753616,0.0
8482737,F,14,0.008346424750304168,0.0,0.00671538002517684,0.024327065077839924,0.00712406672704493,4.340203937969054e-05,0.0
8482775,F,14,0.0,-0.0222029268525,0.0016041017272516004,-0.0018198991622828877,-0.0003855922363511622,-0.0008567570267156326,0.0
8482964,D,13,0.0,0.0,-0.02253892503314931,-0.007314551564847742,-0.001723578065336613,-0.0001164190728770283,0.0
8483457,D,14,0.0,0.0,0.04334228875400495,-0.002216069523674328,0.01600458051187051,0.00097901482531778,0.0
8483515,F,14,0.021604473750010934,0.0,0.026336619103727497,-0.01493991210949802,0.0006709360060211857,0.00011706422484491894,0.0
8484984,F,14,0.0,-0.0222029268525,0.006738930373787092,0.00092237919938006,0.005967269670741201,6.920821680624217e-05,0.0
8471214,F,14,-0.03491502587385985,0.0,0.022014182002843725,-0.08549294806261382,-0.007481916400887077,-6.213598169320221e-07,0.0
8474590,D,14,0.0,0.0,0.05918626113697132,-0.0080484200719929,0.0018716413348993425,-0.004192897469864693,0.0
8475343,F,14,-0.01678244165478449,0.0,-0.028499392685607895,0.036528268009616394,-8.853304096366818e-05,-0.0034436803109072003,0.0
8476374,F,16,-0.008529732958226179,0.0,-0.03292918864957088,0.008209098720314148,-0.0004028463492970919,-0.003381714191573391,0.0
8476854,D,8,0.0,0.0,0.013213178348201609,0.03782410247098239,-0.002372640838796583,-0.0002482890259608264,0.0
8476880,F,14,-0.008038948075129105,0.0,0.0001962107285458474,0.017318668548158608,0.004847797391182146,-0.000739780713204554,0.0
8477496,F,14,-0.006745505590729265,0.0,-0.018749460282363788,0.005829373464802113,-0.006550036177995929,7.505173454328466e-05,0.0
8477507,D,16,0.0,0.0,-0.007112100763911866,0.016571566513170974,-0.0006723750688790193,-0.002064393678971917,0.0
8477845,D,12,0.0,0.0,0.0019398689704781518,0.029360949022617072,-0.0008025317060692938,-2.8019924999889893e-05,0.0
8477956,F,16,-0.0018862657593899435,0.0,0.0872216871349861,-0.02033504656766327,0.011530514948825657,0.00038426801678468817,0.0
8478042,F,16,-0.006720827204484357,0.0,0.01420287092421958,-0.009893672868083243,-0.001009677524720139,0.00023648153318627869,0.0
8478401,F,16,0.0011727534640582928,0.0,0.015795335612216972,-0.018409448317267815,-0.006625506634510505,-0.0007189962267399738,0.0
8478440,F,12,0.0009072697581721361,0.0,0.03502641412590618,-0.02880141335067217,0.017032933735326425,-0.00021055379643892906,0.0
8478463,F,14,0.0012685597427034832,0.0,-0.01456638294284588,0.02003437391295977,-0.005570733599868082,7.20269211730542e-05,0.0
8478911,D,14,0.0,0.0,0.020995038727812113,0.020888773654938603,6.966134807676489e-05,0.0010769004420087928,0.0
8479325,D,16,0.0,0.0,0.027012332416065606,0.003868791485443784,-0.010978259195236121,-9.717643128016122e-06,0.0
8479345,D,14,0.0,0.0,0.020440712531941845,-0.022007302473414408,0.0008216226295456749,7.448849083676927e-05,0.0
8479369,D,16,0.0,0.0,-0.05101641919674725,-0.005360844591480701,-0.0004977994421907402,-0.0023014742630719153,0.0
8479400,F,7,0.005239136873706334,0.0,0.04521832560093126,0.011595227554357625,-0.007277902744318339,0.00029019190497629375,0.0
8479520,F,14,0.0010671200083443321,0.0,-0.03879710089514499,0.00926638128924685,-0.00040726005415487996,-0.003281229016127151,0.0
8479591,F,16,-0.0004396318061712646,0.0,0.004494750420347271,0.02125132037886721,-0.0008573033678807365,-4.836392458672154e-05,0.0
8479661,F,16,0.000930512067019295,0.0,-0.03834797940027404,0.004855584665056396,-0.0018730788747820819,-0.0022060647211056593,0.0
8479987,F,16,0.004419321704724021,0.0,0.03615454267486095,-0.008215854825433676,0.003840579112115578,0.00014004809078682466,0.0
8479999,F,15,0.006268962937431659,0.0,0.000634020969192382,-0.020907424479563157,-0.005573188289452129,-0.00013868519817036314,0.0
8480035,D,16,0.0,0.0,-0.007189617570047523,0.000917163891510944,-0.002430955123960245,-0.0007085907403360654,0.0
8480280,G,10,0.017237111412752127,0.0,0.0,0.0,0.0,0.0,0.013554259474345565
8480313,G,10,0.007413074669354051,0.0,0.0,0.0,0.0,0.0,0.06594082614953377
8480355,F,16,0.0032515180549666112,0.0,-0.03136528777766971,0.019203832852578956,-0.000916264346539433,-0.001258905476458182,0.0
8480796,D,14,0.0,0.0,-0.00760142633727123,0.013675830370190031,0.00011015371498343029,-0.003639680799140688,0.0
8480873,D,9,0.0,0.0,0.020720435966253555,-0.009415194226011264,-0.005318105220094706,0.0013019312329693858,0.0
8481580,F,14,0.011922818258237,0.0,0.03290106382672719,-0.01892137689811051,-0.00957903929935575,2.9231048278378615e-05,0.0
8481656,F,14,0.010729795621669161,0.0,0.05609714636061578,0.00871788962057242,-0.004511135998286201,0.0018533759073378544,0.0
8482088,F,14,0.0,-0.0222029268525,-0.003100140203954618,0.0034303943672848846,-0.00020997597029023677,1.537960373472048e-05,0.0
8482148,F,13,0.004223424423641377,0.0,-0.005584404352027488,-0.02440519738548103,-0.0028638660646693546,-3.443986225222187e-06,0.0
8482177,F,11,0.007000985399132937,0.0,-0.05634082050404006,0.0029951544262905106,-0.0030649491255726347,-6.322258183428609e-05,0.0
8482511,D,12,0.0,0.0,0.00202729974334492,-0.061427897577351766,0.005786131361470198,0.0002106573264198724,0.0
8483489,F,16,0.0,-0.0218339031375,0.0026670583725483033,-0.0016273286958382294,-0.0003512325321218507,-0.001971549721040337,0.0
8484186,F,14,0.0,-0.0222029268525,0.003448359527933544,-0.001359637089503993,-0.0015688989331024117,0.0,0.0
8474150,F,16,-0.026184678577897358,0.0,-0.010882101389921853,0.025028635864995322,-0.00895151221599532,-0.0037782045488885304,0.0
8474641,F,16,-0.01948739233159888,0.0,-0.01742393345284576,0.006263467121773888,0.0025876157568171933,-0.00033954834839859335,0.0
8475172,F,16,-0.021230932094169402,0.0,0.01527206432069318,-0.018028911684515248,-0.0029394860180582275,6.362155036731477e-05,0.0
8475218,D,16,0.0,0.0,0.07789831167091239,0.02863954737367425,0.0020265288125505734,0.00014108873331130238,0.0
8476399,F,16,-0.016080761736433108,0.0,0.009393535868521156,0.01364697205058954,-0.010598076635250964,-0.0004014416182009929,0.0
8476454,F,16,-0.012854053563019871,0.0,0.0006788093183519284,0.021538185081889098,0.03343658376675214,-0.0017840635483563614,0.0
8476967,D,16,0.0,0.0,-0.007952778092724953,0.007303637611869179,-5.5260899327384565e-05,-0.0007379713933978262,0.0
8477346,D,16,0.0,0.0,0.02115283697615122,0.031512962180593546,0.0015758379715463174,-0.00041732851190837963,0.0
8477498,D,16,0.0,0.0,0.023642240533230496,-0.011986450473494805,-0.0062763682580543705,-0.001410347147183587,0.0
8477810,D,16,0.0,0.0,-0.03420382135863188,0.04410303594601746,-0.0006831527860442855,-0.001551637568707318,0.0
8477934,F,16,-0.004024809368213108,0.0,0.12240199827395296,-0.0006431123496338405,0.05411283297139267,0.0009705496175842052,0.0
8477953,F,7,-0.0007966291061791135,0.0,-0.04126907289278941,-0.029272091807105657,-0.002826787050060958,-8.871941042738956e-06,0.0
8477993,F,10,0.0,-0.0229409742825,-0.0018989224480171602,0.002084996043517759,-5.3448428801151197e-05,-0.0005887970802882575,0.0
8478233,F,16,-0.0017631794578398634,0.0,-0.0002928031899977982,0.02117399044430752,-0.008445878151922541,-0.0002789456023622708,0.0
8478397,D,16,0.0,0.0,0.005687541930540512,-0.04258428433679516,-0.01188515575177176,-0.002004448682061102,0.0
8478402,F,16,0.00044530706629208595,0.0,0.13351760770797977,-0.00830963059994543,0.05832106699955038,0.001670159366278883,0.0
8479066,F,16,-0.0035010123957399304,0.0,-0.054455579608990695,0.012471792939920531,-0.0003804608676177924,-0.00020281692865751913,0.0
8479365,F,16,0.0027023938141353047,0.0,-0.007999804798679573,0.004206917169948598,-0.002054814011751332,-0.00038697602338647535,0.0
8479402,D,11,0.0,0.0,-0.016729585401377672,0.008308374749814728,-0.0007935024108675635,-0.0014319816545511094,0.0
8479973,G,11,0.022321311431295985,0.0,0.0,0.0,0.0,0.0,0.0009066041939575619
8480028,F,16,0.006974414225655028,0.0,-0.018079380401279353,0.023667894375355356,-0.01434668572524107,-7.526281763846029e-07,0.0
8480797,F,16,0.009714707916093518,0.0,-0.0011885949460851218,-0.01619306220543919,-0.01815933351335377,-0.002155475478382583,0.0
8480803,D,16,0.0,0.0,0.07628397817478721,6.521311649282813e-05,0.0320103734835609,0.0011181224648832528,0.0
8480831,D,4,0.0,-0.0310537195025,-0.0014342145125498663,0.002238213246974752,0.0,-3.152378368721598e-05,0.0
8480834,D,15,0.0,0.0,-0.022690898470026515,0.014376217064319574,1.5284759286473943e-05,-0.00027344626443833543,0.0
8480860,D,16,0.0,0.0,-0.017033997394653496,0.0050787901071934335,-0.0004211510221728607,-0.001428305328374217,0.0
8481068,F,14,0.004498078287084186,0.0,-0.04747873203050931,-0.007008015813356259,-0.005410703843390817,0.001983444514097546,0.0
8481167,D,9,0.0,0.0,-0.03086886462342389,-0.010906832534018265,-0.00015616910687888742,0.0005338686235628942,0.0
8481491,F,10,0.0,-0.0229409742825,-0.005731268949177869,0.0005532017799440803,-3.817744914367942e-06,-0.00026069315784467715,0.0
8481617,F,16,0.007293290918157621,0.0,-0.007818668092842635,0.02548970087740696,-0.0010094430606091623,-0.000445531482634613,0.0
8481692,G,14,0.01757596265174586,0.0,0.0,0.0,0.0,0.0,-0.011077743700519135
8482074,F,14,0.008815990025937132,0.0,-0.017600849477088964,0.023217991283500817,-0.013857206315366554,-6.741319191123521e-06,0.0
8482679,F,15,0.011094542383695928,0.0,-0.015536699230744458,-0.003943394158284458,-0.006015824349096377,2.8842156775647666e-05,0.0
8483455,F,15,0.0,-0.022018414995,-0.008139114646064531,0.0001403530522815013,-0.000725371533729909,0.0,0.0
8483512,F,16,0.0,-0.0218339031375,-0.007468492635494858,-0.0006526011165234414,0.0020734239419074162,-0.0011469338677960216,0.0
8483609,F,15,0.001169588292116516,0.0,0.003358398837721424,-0.0050869643032480155,-0.00026967219655111267,0.0,0.0
8484860,F,5,0.0,-0.02386353357,-0.0005742650811774524,-0.0011084287089165611,0.0001942866086677887,4.870207849328151e-05,0.0
8485493,F,13,0.0,-0.02238743871,-0.006899108518506992,0.0012983803232740577,0.0013921918192900179,0.00011943436376408271,0.0
8475188,D,13,0.0,0.0,-0.005328316445199376,0.04185911999553517,-0.00033832848667056446,0.0032344388582773416,0.0
8475191,F,13,-0.016768184416319425,0.0,0.012573631507956012,0.0028233826998212675,-0.005516578963095937,0.0012970537191918851,0.0
8475913,F,7,-0.012558855265479644,0.0,0.03319530207487993,0.026091438767331672,0.02776337547850813,0.0024047617733882086,0.0
8476341,G,5,-0.008039532339686387,0.0,0.0,0.0,0.0,0.0,-0.00608939087634581
8476438,F,13,-0.011311594666310756,0.0,0.018203813083555793,-0.019386915758132707,-0.0082567966910832,0.0002980816660912752,0.0
8476448,F,13,-0.009900203687825312,0.0,0.02698159334078699,0.04124353169491434,-0.0034650010712777455,0.003757283197800569,0.0
8476881,F,13,-0.008895295334878732,0.0,0.01793567743839516,-0.001087240881716937,0.020482798975147067,-0.00032064879450136773,0.0
8476925,F,11,-0.008888378657214542,0.0,-0.031081332703655786,0.003670661221935108,-0.003761209301947811,-0.0010594475034643523,0.0
8477447,D,13,0.0,0.0,0.030868391121270964,0.00468035648302572,0.005735259173310449,0.00218480124783724,0.0
8477964,F,13,-0.002894412182439742,0.0,0.05978640346951068,-0.024481035311363458,-0.007453945597262196,-0.00017561183289742821,0.0
8478396,D,3,0.0,0.0,0.06655044092519662,-0.004177575842164937,0.0006450771555634091,0.0004857181284668235,0.0
8478403,F,13,-0.00028859502195181027,0.0,0.06745244083398899,0.01010991728241162,0.03093882229232365,0.0025652778422525476,0.0
8478434,F,13,0.0008512510772107734,0.0,-0.035565642733642766,0.0037589608072935384,0.00028771498260873164,0.0007582909270515234,0.0
8478468,D,13,0.0,0.0,-0.03689152413178998,0.010999540822374702,-0.0002461380326541311,0.00014086153150598234,0.0
8478483,F,13,0.0016019195942541435,0.0,0.05781212494928998,0.018999841491002912,0.03312182076069928,0.0013370664298824443,0.0
8478499,G,6,0.0033957721157303095,0.0,0.0,0.0,0.0,0.0,-0.00552679627133932
8479353,F,9,0.003397844418965403,0.0,-0.024612151004501273,-0.02329373509646238,-0.0008644131906673102,-0.00033146378195112315,0.0
8480727,D,13,0.0,0.0,-0.018904802695474152,0.019193163853121493,-0.0003422765838035314,0.0013428725566704924,0.0
8481527,D,13,0.0,0.0,0.010690520159459451,0.03941506740388169,-0.00011015083843113053,-0.00022726170131651276,0.0
8481604,F,13,0.008579318063546816,0.0,0.025905040274421857,0.015717941870048432,0.010955694319624332,0.0002795379521841393,0.0
8476914,G,7,-0.005550292714328465,0.0,0.0,0.0,0.0,0.0,-0.0218035387224203
8481568,D,14,0.0,0.0,0.003148312665083859,0.002075708860978976,-0.0009416362118069709,-0.002440952905923354,0.0
8481806,D,14,0.0,0.0,-0.024310155652969467,-0.012256954721770442,-0.00030694236516724436,-0.0012449425966992553,0.0
8482821,G,5,0.0124268873339947,0.0,0.0,0.0,0.0,0.0,-0.015228914702569932
8475722,F,13,-0.012756508354783792,0.0,0.03209347543416243,-0.021247396302203948,0.003879996904927881,9.358498685952415e-06,0.0
8477419,F,6,0.0,-0.0236790217125,-0.0018724757288234033,0.0006513731403189534,-1.5270979657471767e-05,0.0,0.0
8477949,F,14,-0.0018936616181663922,0.0,0.049123124518907074,0.0038176532696471317,-0.008779872382122458,0.0016281926927231545,0.0
8479312,G,11,-0.008642686698459145,0.0,0.0,0.0,0.0,0.0,0.02791416786492242
8479359,F,13,0.00223549704392861,0.0,-0.053157680344453236,0.0005483411408479986,-0.0002457803190104577,-0.0011063875177600218,0.0
8479420,F,14,0.0028780765557549584,0.0,0.05483824351708127,-0.01282605978008416,0.005469982839952421,9.681547518272269e-05,0.0
8479941,F,5,-0.008092125749196691,0.0,-0.006877525630461074,0.004186126199849479,-0.002296959400233093,-0.00048160046862020183,0.0
8479982,D,14,0.0,0.0,0.03556786047713865,0.015298468490673857,-0.0012688274229815887,-0.001071631839068188,0.0
8480064,F,2,0.006338392187162099,0.0,-0.034796444542752,-0.013791513378437622,-0.004654388013250958,0.0007264621248980812,0.0
8480196,D,6,0.0,0.0,-0.025327183804500695,-0.0063582323538013095,-0.00013016915163329389,-4.9315670506673754e-05,0.0
8480802,F,14,0.007691470602281986,0.0,0.02637553068439339,0.003942560607369385,-0.0032493768180815487,0.0016982850703526015,0.0
8480807,D,12,0.0,0.0,-0.012454210174422085,0.00381103912606908,1.6107200772125555e-05,-0.0005432913000368643,0.0
8480839,D,14,0.0,0.0,0.052432781110765325,0.02406286203778865,0.00943731311269096,0.001343404920983596,0.0
8481522,F,14,0.010445222314587024,0.0,-0.04592576628680626,0.012149023145643863,-0.0035276128050459707,0.00023368634770916055,0.0
8481524,D,14,0.0,0.0,0.02242223499521557,-0.02506063594042438,-0.0070404034375751955,0.0009710059441384025,0.0
8481564,D,4,0.0,-0.0310537195025,0.0010679897576787688,-0.0003384115559629095,0.0,0.0001377737203635099,0.0
8482097,F,14,0.009723317188631621,0.0,-0.0029345048409780716,-0.03738181883131874,-0.0043810453402371085,0.00021857302187447178,0.0
8482659,F,14,0.004030903273238214,0.0,0.00357747920546377,0.019033343585958012,-0.0011565686417796055,0.0011259824004700172,0.0
8483468,F,13,0.0074754384473784295,0.0,0.02162754185009945,-0.019196063616160747,-0.010856586540308091,1.4309641666732787e-05,0.0
8474141,F,6,-0.02325857184911933,0.0,-0.009665452855875868,-0.026988818238917245,0.01705646297393138,-1.4378991072479533e-05,0.0
8474612,D,8,0.0,0.0,-0.03778740780593251,-0.05747810953489441,5.7205308865730035e-05,-0.0012121618028483035,0.0
8475279,D,15,0.0,0.0,-0.02999341820249168,-0.04787608496548207,-0.0009438630393351184,-0.000982247510540205,0.0
8475660,G,8,-0.039478166284057675,0.0,0.0,0.0,0.0,0.0,0.003302715127306526
8476434,G,9,-0.008379859371617018,0.0,0.0,0.0,0.0,0.0,-0.013763161897635724
8477429,F,15,-0.006224660507832599,0.0,-0.015202428716290496,0.0027567019960428895,-0.004171845611023876,-0.0005531261642212591,0.0
8477456,F,15,-0.005330802272084652,0.0,-0.04108054617997861,0.01998515789156518,-0.006174763434363608,-0.0031875522001890673,0.0
8477946,F,15,-0.0011503615012949343,0.0,0.03963938141325332,-0.004086267705147266,0.013461449607042873,-0.001383025852946415,0.0
8478891,F,15,-0.0022034324608361123,0.0,-0.02126225919757531,-0.008378146945038172,0.0011785553717592453,-0.0016383446401853356,0.0
8479337,F,15,0.0035779935071525606,0.0,0.04486306917559716,-0.005316981829154629,0.011283748909911104,8.757125529721053e-05,0.0
8479992,F,14,0.0058388690136848085,0.0,-0.01920750264905932,0.01015819606339946,-0.005354882921310925,-0.00034341397665098826,0.0
8481542,D,15,0.0,0.0,0.006540611904722246,0.02406665335577239,0.008722606425792477,0.0010758898747732502,0.0
8481607,D,15,0.0,0.0,-0.021225680329055738,-0.004965698564598837,-0.00020087654430487104,-0.0005180491022903341,0.0
8481725,F,10,0.0029621086820971576,0.0,0.03351648158396863,-0.005450244935044073,-0.0015513549852698052,-7.8509499893953e-05,0.0
8482078,F,13,0.017927138696708658,0.0,0.011521375415174165,-0.00784510651008622,0.013466905071904666,0.0005096484043561528,0.0
8482487,G,7,0.0049845472716361396,0.0,0.0,0.0,0.0,0.0,0.03726720922210683
8482762,D,15,0.0,0.0,0.01030099705426998,0.005541109231644083,-0.0014695803523962605,0.00044335474169628064,0.0
8483464,F,15,0.009806489013053993,0.0,0.012437002717736704,0.006863280538193519,-0.004634855540152041,6.163141591318907e-05,0.0
8484223,D,15,0.0,-0.028432817345,-0.003979812636268282,-0.005326240760579349,-0.0004255384937180553,-1.9546111128148488e-05,0.0
8484471,F,15,0.0,-0.022018414995,0.000804143900893904,-0.0023728442453292793,-0.0007718270099294647,0.0005952867631726012,0.0
8484794,F,10,0.0,-0.0229409742825,-0.0005866284571409625,0.0032152066369297684,-0.0012488209689632936,0.0,0.0
8473512,F,14,-0.031662225591949054,0.0,0.007638340467347699,-7.396771585301047e-05,0.004131578747519696,-0.00042560604815777045,0.0
8474102,F,14,-0.018673893977585804,0.0,-0.009673360508688698,0.005554715079531154,0.0011161612865908945,3.062751307706235e-05,0.0
8474151,D,14,0.0,0.0,0.027134234361493217,0.026693041862231523,-0.0025740070581200068,-0.0017800062448607343,0.0
8474189,F,14,-0.0211195019479491,0.0,-0.05332241357905025,0.02781023540098168,-0.006674309954617137,0.0002459440610212162,0.0
8475167,D,14,0.0,0.0,0.04975008627757604,-0.015788564172494884,0.013269161518187586,0.000375046339346328,0.0
8475324,D,14,0.0,0.0,-0.00025020274145444465,0.007697394506578749,-0.0006845410563714006,-0.0004228578218561811,0.0
8476393,F,14,-0.00597722103911958,0.0,-0.020365260363466003,0.0009313559108988919,-0.0009994922506056342,-9.974020394441601e-06,0.0
8476453,F,12,-0.013594222388594954,0.0,0.12871731011623044,-0.024418957056523496,0.031031378233019997,1.1985670436826533e-05,0.0
8476826,F,14,-0.013420117000026698,0.0,0.013309993990330901,0.01482235447825212,-0.0012969869552223903,-0.0015461848446021776,0.0
8476883,G,10,-0.007681610316214459,0.0,0.0,0.0,0.0,0.0,0.03181320849117794
8476999,G,12,-0.01028573445267913,0.0,0.0,0.0,0.0,0.0,-0.011978080138013741
8477073,F,7,0.0,-0.023494509855,-0.002464163064223415,-0.0007372182156109517,0.0,0.0,0.0
8477404,F,14,-0.00756952591903761,0.0,0.06822035251895212,0.007628546386918489,0.0009032001976483923,0.0009902320930466517,0.0
8477416,F,14,-0.0048202207212049274,0.0,0.0019198869658535976,0.028106720534771385,-0.0011457079993131875,-5.887418758529288e-06,0.0
8478010,F,14,-0.00256082997070674,0.0,0.06616427400933012,-0.040861364542477,0.011809191210918493,3.0920826332826867e-06,0.0
8478020,F,14,-0.0012644009734020132,0.0,-0.00905927167326287,0.027220498506963463,-0.0010328040201491402,-0.0009610605028573275,0.0
8478178,D,8,0.0,0.0,0.01583368486873863,-0.01017540897046339,-0.0020883110049138504,-0.0003643243153103602,0.0
8478416,D,14,0.0,0.0,-0.02944681697561376,0.02173910455627176,-0.000292498517415184,-0.0008971986914659709,0.0
8478469,D,14,0.0,0.0,0.06175276197256423,-0.01656593706014442,0.002079551895004926,0.0011541895502464768,0.0
8478519,F,14,0.00200286697392101,0.0,0.033098122151062254,0.02861949330180893,-0.0022562248423698495,-6.232207005925621e-05,0.0
8479542,F,14,0.006563231627833186,0.0,0.08267612165013713,0.017227313159902904,-0.004886948346867042,0.001490474065627242,0.0
8480188,F,14,0.008597001656856444,0.0,5.578567935774371e-06,-0.007995157395902548,-0.00438742817677456,4.105316246241355e-06,0.0
8480801,F,4,0.010162064420733929,0.0,0.09263405567392301,-0.004485952245491889,0.0019178864575138687,-5.2117536036360694e-05,0.0
8480876,F,10,0.0,-0.0229409742825,-0.001140071478835367,0.0008812153901878472,-2.6724214400575598e-05,0.0,0.0
8480995,F,14,0.0038066796422674227,0.0,-0.030791097366149833,0.037368547574577235,0.0009721596485872939,-0.00010967315619661718,0.0
8481528,F,14,0.013301696072855359,0.0,0.0181506318794589,-0.054703600221344705,-0.0025795140166876215,0.0008261637209180432,0.0
8481596,F,14,0.00984080016105286,0.0,0.004220338487821159,0.0228558275342694,-0.009368680251121048,0.0032542957263249966,0.0
8481719,D,6,0.0,-0.0305771918375,0.0005731073387018905,0.0008412193236365647,-8.95384141785698e-05,0.00034229908698435706,0.0
8482070,F,8,0.0014865081815950982,0.0,-0.038687861605275514,-0.016922181416790163,-0.007383548799812992,-1.840137377340825e-05,0.0
8482092,F,14,0.014388991478445228,0.0,-0.003005998322138997,-0.003990870149125695,-0.004749699164530838,0.0013430913785642657,0.0
8482105,D,14,0.0,0.0,0.005452355100640134,0.02327098477746183,0.008830428281999682,0.0020449928199790584,0.0
8482116,F,14,0.019059663021767988,0.0,0.045941903936669165,-0.015332739199909684,0.007745545662011834,0.0001655917490966806,0.0
8482131,D,5,0.0,-0.03081545567,-0.002769636871506836,0.002776834948298089,0.0,0.0001416102215393126,0.0
8482201,F,14,0.0036458402307820935,0.0,-0.008861894357986571,0.0061546981418467775,-0.001773227972769498,-4.31444428646092e-06,0.0
8482245,D,14,0.0,0.0,-0.007814341035978105,0.04743415226761917,-0.00035807566587116085,0.0010733833595864635,0.0
8482929,D,14,0.0,0.0,-0.03885503266142048,-0.01807933058656967,-0.0001399101144400439,0.0003460036483224403,0.0
8483447,F,7,0.00609776763463744,0.0,-0.02886869451443913,-0.006771081601529354,-0.0018420585930913522,0.0,0.0
8484321,D,9,0.0,0.0,-0.008933250557029508,0.0028925268669481785,-9.301919765648028e-06,-3.708140136902846e-05,0.0
8475235,F,6,-0.006182246081396093,0.0,-0.06462661097675979,-0.005079507286291127,-0.0002659150486243925,-3.6938966680069754e-06,0.0
8476372,D,14,0.0,0.0,-0.01239276398914493,0.020175098599577678,-0.0004274510820440505,0.0008706131082935078,0.0
8476461,F,13,-0.011382079338093692,0.0,0.017611006181654457,0.010859372952135793,-0.01498578290982619,-0.0005343602126214901,0.0
8477903,F,14,-0.010910579698012093,0.0,-0.027296255373680876,0.043190204981390506,-0.00026863667912923315,0.0005240168390660715,0.0
8477948,D,14,0.0,0.0,0.00723393133098988,-0.007559522143260992,-0.006281390121060361,0.0036360784948806127,0.0
8477989,F,14,-0.0018368817174385828,0.0,-0.032846032442525465,-0.010001707676309342,-0.003987697610662052,-0.0022252336367325964,0.0
8478435,G,9,0.005228976598587118,0.0,0.0,0.0,0.0,0.0,-0.010192490399316252
8478439,F,14,0.0009974163269386457,0.0,0.02354172815869989,-0.037815999341873935,-0.010175056540746555,0.0030720495187277538,0.0
8478454,D,14,0.0,0.0,-0.03923641152170764,-0.018791965029885532,-0.0001333714504631428,0.00022033880901706904,0.0
8479022,F,9,-0.0002358170332556338,0.0,-0.006508366313701349,-0.02615047219405744,-7.190846100146232e-05,7.221508265103112e-06,0.0
8480015,F,14,0.0065174294551220546,0.0,0.026579655414125464,-0.01458641481481348,-0.011341184662037887,0.0004261118377934018,0.0
8480220,F,14,0.005796670927368146,0.0,-0.0021538821226980303,0.03130326599666159,-0.0025163450529672006,0.0007319769960001738,0.0
8480874,D,6,0.0,-0.0305771918375,-0.003582704662581125,0.00030874237274375576,-6.395601012754987e-06,-0.0002607814061602902,0.0
8481178,D,9,0.0,0.0,-0.016826262154517574,0.027985604347386405,-0.0010447775318900916,0.0002688799957873016,0.0
8481533,F,14,0.009064668465674008,0.0,0.015028424815451625,-0.027821754817598215,-0.00530077736609494,7.15073805895405e-05,0.0
8481553,F,14,0.009215531148809445,0.0,-0.0035637370643787337,0.01410499729090645,-0.010851219366444117,0.00011437396114147717,0.0
8482142,D,14,0.0,0.0,-0.008125052791382759,-0.0597009942575738,-0.013933964958913655,0.000627813210101868,0.0
8482159,F,12,0.013742090131872926,0.0,-0.011764591536098865,0.04296651288863679,-0.013013224145686415,0.0008427166108264112,0.0
8484387,F,14,0.011965993494282338,0.0,0.019423438283979688,-0.030690688187981832,-0.008733205418412156,6.179119969485354e-05,0.0
8475151,F,14,-0.01850959417252003,0.0,0.013167396172147305,-0.034103628949731075,-0.006543665491991156,-0.0019024921880683777,0.0
8475231,F,14,-0.014319470800228652,0.0,-0.06749671193437269,0.009738536638990365,3.575350489388059e-05,-0.002803868977529938,0.0
8475314,F,14,-0.020132449306363598,0.0,0.062126437328874004,0.011814072044583257,-0.013806726624131696,-4.7638655601884714e-06,0.0
8476419,F,14,-0.012241857603701814,0.0,0.005493849577249643,-0.0027715540643265917,-0.01275648273120694,0.0028114572546638714,0.0
8476429,D,14,0.0,0.0,-0.02399141647867631,0.005908805612322647,-0.0001724854188413341,-0.0010585614085726752,0.0
8476917,D,14,0.0,0.0,-0.007965725165437521,0.052396357158335315,9.565550903289379e-05,-0.0026831776884907134,0.0
8477407,F,14,-0.002314060898601119,0.0,-0.00936195141598345,-0.03057384627481401,-0.000999210564520921,-2.376498969491275e-05,0.0
8477465,G,8,-0.001609583346283212,0.0,0.0,0.0,0.0,0.0,-0.01279457593476042
8477494,F,13,-0.004080109666728644,0.0,0.04013358159367938,-0.01184015244877901,-0.0004028657642245791,-9.128159625187903e-06,0.0
8477500,F,14,-0.006080799896775802,0.0,0.04543019429477727,0.0003108786187764473,-0.007662315233764309,-0.0009603847276540912,0.0
8477506,D,14,0.0,0.0,-0.029646449136505305,-0.009256987163144591,-0.0021447551856742077,-0.0016865484676635196,0.0
8477950,D,14,0.0,0.0,0.015928692704284653,-0.06448759834339655,-0.006973758515232331,0.0002847122895293451,0.0
8478009,G,10,-0.0007682607229168582,0.0,0.0,0.0,0.0,0.0,0.005172202023250317
8478445,F,13,0.0011800419949862266,0.0,0.05091271375150467,0.021597989276399897,-0.004422512248590953,0.00034260005611612914,0.0
8480842,F,14,0.0,-0.0222029268525,0.0015378213125115928,-0.004377867591738992,0.0004538932628448087,0.0012358922015347747,0.0
8481014,D,9,0.0,0.0,0.008935341471085455,-0.013086393902284273,0.00035978773490257996,-0.0007544152895768415,0.0
8481601,F,14,0.011028286204515505,0.0,-0.019380171047475265,0.005142265515826717,-0.010330901107863449,0.004923339145395865,0.0
8482476,F,14,0.004343144967085262,0.0,-0.016400694993351575,0.02538688467440705,-0.0014956682782103937,3.797674989828479e-05,0.0
8484958,F,9,0.0025152457238946306,0.0,0.010288180923574208,0.003406201300075662,-0.007484712009019186,-1.685143059254819e-06,0.0
8485366,D,14,0.0,-0.0286710811775,0.006690434446566218,0.0037144358043720268,0.0014433209188840525,-0.00038552295144039615,0.0
8485702,F,7,0.0,-0.023494509855,0.001487120575026886,-0.0030185006342328324,0.000740836740090193,0.0,0.0
8473533,F,13,-0.023351676244125805,0.0,-0.002165261555306464,0.02826413545489798,-0.00031631458858938046,-0.0019369847788062633,0.0
8474149,F,2,-0.019011498856621796,0.0,-0.00478987389488577,-0.013612374259147795,0.0006819298696379658,-5.8666158925589835e-05,0.0
8474593,G,6,-0.031904951276143186,0.0,0.0,0.0,0.0,0.0,-0.01996386701367299
8475455,D,14,0.0,0.0,0.01273003247388984,-0.005607236517589752,-0.00014140058627868318,-0.0013388458296193174,0.0
8475791,F,13,-0.013525998602998872,0.0,0.03551143893674499,-0.008057556275958255,-0.007799587556864001,4.3676952529106257e-05,0.0
8475883,G,8,-0.02072244778345808,0.0,0.0,0.0,0.0,0.0,0.013573819343591177
8476292,F,14,-0.013827814031600966,0.0,-0.012871893698900481,-0.008077046588861424,-0.007064575982834775,0.0002457952025915403,0.0
8476462,D,14,0.0,0.0,0.0559255037965352,-0.01905023443302734,0.013275713445706473,0.0010398458839945529,0.0
8476822,F,14,-0.016155571852809813,0.0,-0.1044619727922498,-0.00029282801722825417,-0.0002727828112631043,-0.0014017894023866987,0.0
8476906,D,7,0.0,0.0,0.0208373461277589,0.006331960519159916,0.018666063448233593,0.0003566216015904157,0.0
8476921,F,13,-0.01279725821210729,0.0,0.001702466829606136,0.02720209559159773,-0.000736215740156417,-0.0016766877298388149,0.0
8476958,D,3,0.0,0.0,0.012617700863818483,0.0317262676208322,-0.001516074221732333,0.0019230817654935816,0.0
8477015,F,12,-0.007472620455170363,0.0,-0.036440172890961076,0.016750091210967176,-0.0029633434673457327,0.00024321459038175754,0.0
8477478,F,8,-0.002545841328135853,0.0,0.017864857780696325,0.018367127027223387,-0.00020344274385717832,-0.00017018018288857885,0.0
8477488,D,10,0.0,0.0,0.0008502158519565596,0.01522071655821943,-0.0018823591152371676,-0.0006385481748282595,0.0
8477940,F,13,-0.002059890596194367,0.0,0.05518948744557792,0.008300235814504741,-0.002659225186378037,-0.0001388292430060322,0.0
8478399,D,14,0.0,0.0,-0.04855456126890273,0.029092223484408,-1.7620795079121543e-05,0.0007757353837779559,0.0
8478414,F,14,-0.0004417132420178944,0.0,0.023057492012135604,0.0022748530261145965,0.009332930523457787,1.59850504226953e-05,0.0
8478427,F,13,0.0023388815318446054,0.0,0.061335416593196204,-0.014292195170593651,0.013917611718087357,0.005927702675923428,0.0
8478970,D,13,0.0,0.0,0.02722170989490707,0.017016493627337006,-0.0003332631151672,0.0007085495568942623,0.0
8479407,F,14,0.0057910130390574546,0.0,0.08282317414756502,-0.019436994303080303,0.025775015478010907,0.0016386197659343372,0.0
8479996,F,7,0.0046443296423125556,0.0,-0.016513063363110394,0.018901780227214927,-0.007941230965989171,-0.00044797532149983384,0.0
8480002,F,14,0.007106291875712112,0.0,0.07023375561544429,-0.0053249014773496745,0.016055193797395846,0.0007717923281533032,0.0
8480336,D,13,0.0,0.0,0.014012951529627197,-0.010339132924079363,-0.004394792866785091,0.00270284711838788,0.0
8480762,F,8,-0.003110996875523483,0.0,0.012761987217160603,-0.021598859101316648,-0.0001277783521290987,-0.0001257064747016164,0.0
8480817,D,7,0.0,0.0,-0.008280169618693134,-0.004791426009711765,-0.00360558894846349,0.0018941565937379565,0.0
8480829,F,11,0.009884584109428256,0.0,0.005260613160935446,0.003459734834823038,-0.012149955791409131,0.0007410160690365763,0.0
8480830,F,13,0.008785730826240708,0.0,0.023652648897836085,-0.021252563584452464,0.0048276117426055585,-0.00014421592952141088,0.0
8481032,F,14,0.0068570302498030256,0.0,-0.054011772816658546,-0.012693779236297378,-0.001996189718995327,-6.537739948918214e-07,0.0
8481559,F,14,0.013850870164717992,0.0,0.06660038686013137,0.014883448730598683,0.024839972130156585,0.0007910446344596316,0.0
8481721,F,14,0.0,-0.0222029268525,0.001246535641507236,-0.0002976707700487329,0.0029587223800758033,0.0,0.0
8482093,F,13,0.017287484061004017,0.0,0.027303457779103785,0.03661581094948108,0.0024793923393332342,0.006738301118693257,0.0
8482100,D,13,0.0,-0.02890934501,0.01163071990703398,-0.005863452235870907,-0.0006363623007691211,0.0006185774192525986,0.0
8482110,F,14,0.01636820483191934,0.0,-0.021963873408698042,-0.0004665146468211523,0.004252927416036584,0.0006293989079430384,0.0
8482684,D,14,0.0,0.0,-0.0011194488438211626,-0.0012932772286651903,0.009641782030802709,0.0005328952554919819,0.0
8482702,F,13,0.010248706830470812,0.0,0.03130911417231748,-0.007811560396638896,-0.006912673945772295,0.00012277080707255141,0.0
8482809,F,13,0.008506091261389839,0.0,0.007897078069316131,0.03566895507647519,-0.004268806812740167,0.00010357882139857024,0.0
8483495,D,14,0.0,0.0,-0.011887631917186574,-0.033472768546125305,-0.003944007722912369,0.0004762473147399979,0.0
8474567,D,6,0.0,0.0,-0.004535920089932632,-0.022244987080885303,-0.0003729014286063127,-0.0012644183881816422,0.0
8474716,D,15,0.0,0.0,0.023776598063869305,0.0372921493121153,-0.0034094431699163014,-0.0033993715566581115,0.0
8475149,F,15,-0.017430024040473467,0.0,-0.00856553144580732,0.01090027503672803,0.0013083896854478427,0.0005252242534693309,0.0
8475170,F,15,-0.017469808511356332,0.0,-0.0031791695750434134,-0.02770389763710539,-0.010050484966993853,-0.0004484098970010513,0.0
8475220,F,14,-0.012361400673115006,0.0,-0.006285228171950747,0.04297834925438863,-0.0029864908151914335,-0.0024034763929535368,0.0
8475753,D,15,0.0,0.0,-0.04171535562440235,-0.001687221833868855,0.0013130466710920888,0.00038890769543588875,0.0
8475760,F,15,-0.010918315916118512,0.0,0.01228875255209432,-0.010703177103550005,-0.00453655896522272,-0.0009204329913739365,0.0
8475764,D,15,0.0,0.0,0.0173889913777784,-0.004903382556345024,0.008299929742167781,0.0011864782963015475,0.0
8475765,F,15,-0.013575262210652273,0.0,0.02225766781829147,-0.044892874946926814,-0.0014934058838904874,-2.602809024127898e-05,0.0
8476412,G,12,-0.0133078293923586,0.0,0.0,0.0,0.0,0.0,-0.055669516559989383
8476892,D,15,0.0,0.0,-0.010222284923869542,0.01363265347206971,-0.0009526420779911992,0.0008802975172217676,0.0
8476994,F,15,-0.0032400613161412423,0.0,-0.010956862091269804,-0.005700226968196824,-0.00010616230755458665,0.0002381241679725946,0.0
8477402,F,15,-0.0053875943137344255,0.0,0.06326683677700111,0.00032492569168430683,0.0009967684735309747,0.00016916489885900065,0.0
8477451,F,15,-0.005558355603806974,0.0,0.010181798486413427,-0.008604786161662749,0.0004970177854656088,1.3995640093884896e-05,0.0
8477573,F,14,-0.004787710641913884,0.0,-0.0527003482724362,0.02231121093356789,-0.000587273564691303,-0.0006836548663069038,0.0
8478136,D,15,0.0,0.0,-0.024311243629617573,-0.019410451556514254,-0.00022831014002850877,-0.0020790016663103875,0.0
8478472,F,14,0.00042762280788758984,0.0,-0.01956653082064494,0.013453530002898142,-0.002199253373332169,0.0008525837141728064,0.0
8478493,F,15,0.000465745381741703,0.0,0.035585420573426584,0.024376510010431722,0.007766282738066157,-0.004624564856812807,0.0
8478508,F,15,0.0003126808045608892,0.0,-0.04413622180700569,0.013535645012786526,-0.0008217746207298698,-0.0008125483422730403,0.0
8478864,F,15,0.0011290763685306772,0.0,0.07981914884426067,0.004583666148313475,0.017576048035097436,4.915460557123938e-05,0.0
8479385,F,15,0.00478784387939014,0.0,0.04226774130765539,0.019372055156260296,0.0036509121546252714,-3.012840581852653e-05,0.0
8479406,G,12,0.01482272299860085,0.0,0.0,0.0,0.0,0.0,0.020842482138025864
8480023,F,11,0.009166155410080748,0.0,0.09361846485238148,-0.00013467636015662408,0.012338500688691518,-0.00043114926949271837,0.0
8480281,F,8,0.006456109276616202,0.0,-0.05709466035484456,0.03292181395590767,-0.0009526445457770491,0.0004133084083530269,0.0
8480459,F,15,-0.0014508622826241585,0.0,0.010426109238044667,0.0318122458386856,-0.005815837392181348,0.0007829981714244863,0.0
8481006,D,15,0.0,0.0,-0.0018544682369183744,0.001411157099049974,-0.00010869482159105528,0.00014719624506225688,0.0
8481557,F,15,0.015321997651190685,0.0,0.04951285480287411,0.022275683923687194,0.008451467907270149,-0.002177100920905595,0.0
8481598,D,15,0.0,0.0,0.03338986939127196,0.013834436364395825,-0.0012112457900515117,0.00046767114874195784,0.0
8482077,F,15,0.010032383559200208,0.0,0.010373042157456571,0.03154366228276957,0.0003550306518237739,5.591619845150207e-05,0.0
8482079,F,14,0.01401742532942269,0.0,0.029266261291972243,0.01303046390452374,0.0005294709714621509,-0.0015699411624785077,0.0
8482089,F,9,0.014900370707133525,0.0,-0.02481023413356645,-0.022873105056880127,-0.00262022191933081,-0.00028853393916761927,0.0
8482122,D,15,0.0,0.0,-0.018640915020890516,-0.017069136481445688,0.001999463401883478,-0.0014639764570344971,0.0
8482733,D,10,0.0,-0.0296241365075,-0.0048791815518887055,-0.0014290264715770022,0.0,-0.0005180493618908788,0.0
8483452,F,3,0.0,-0.024232557285,-0.001988601487774486,-0.0017831330715275557,0.0,0.0,0.0
8483460,D,11,0.0,-0.029385872675,0.0017218986659640859,-0.005713763564798949,-2.2384603544642453e-05,-0.00010173445843052767,0.0
8483499,F,6,0.0025497545156126173,0.0,-0.01416170322275017,-0.024846861443645826,-0.000997430148527166,-5.751596434513346e-07,0.0
8483516,F,15,0.0,-0.022018414995,0.00430830606965226,-0.0033910482786495355,0.0035470435502940913,6.151841493888192e-05,0.0
8484798,D,15,0.0,-0.028432817345,0.0009065880134428584,-0.006393262831475569,0.010156070666220793,0.0,0.0
8474564,F,16,-0.02257993335464675,0.0,-0.012339546454155918,-0.03970616166092118,0.006853142750743035,-4.048387390900749e-05,0.0
8474600,D,9,0.0,0.0,0.06426864520818258,-0.024701530232273006,0.00768849058404803,0.0004179607098334503,0.0
8475158,F,16,-0.018729209194619324,0.0,0.01435587367335842,0.003203915199352668,-0.0006845687389337254,-0.0006434306555829432,0.0
8475287,F,16,-0.015112074103127964,0.0,-0.007448511401083952,-0.016176703318631747,-0.004364176670303796,-0.00014427302428466276,0.0
8475745,F,14,-0.01564239581417843,0.0,-0.0023507252766425697,-0.00932945745430198,-0.005428982218680689,-0.0026585627856897387,0.0
8475790,D,5,0.0,0.0,-0.02167119994105414,-0.021603155318534267,-0.00024287846237381876,-0.0016077391774024694,0.0
8476432,F,14,-0.006618562153535691,0.0,0.02900820641879962,-0.023186613041487246,-0.005507682332071337,-0.0004011222893688797,0.0
8476539,F,13,-0.01926167592803364,0.0,-0.00133930382850343,-0.01600837612669918,-0.0023738546488165325,1.8141745998433103e-05,0.0
8476869,D,16,0.0,0.0,-0.024300873495095476,-0.02144406877110865,0.006922433860143693,0.0007858939099547067,0.0
8476887,F,16,-0.007256587215871981,0.0,0.06254024707368609,-0.02537231330634475,0.0055285154959619,5.727541678044057e-05,0.0
8476923,D,14,0.0,0.0,0.0354820011443957,0.0005287757171550164,-0.0050279473559236305,0.0006053271773171027,0.0
8477424,G,13,-0.0025947252090077343,0.0,0.0,0.0,0.0,0.0,0.026753813192367103
8477425,F,9,-0.002115737347781107,0.0,-0.005986170886033594,-0.03997403082075289,-0.002464918029129374,-0.0002801701056391892,0.0
8477446,F,16,-0.0034689261369174667,0.0,-0.033960942285336006,-0.004088989601298549,0.0005613646758344154,-0.0023286967433947944,0.0
8477497,F,14,-0.0052634619224658855,0.0,0.06263472474051068,2.5814100094201896e-05,0.008513675999114406,-0.0005278947541389084,0.0
8478047,F,16,-0.003434028232210712,0.0,0.00458188228850743,-0.025503556641377195,0.006185118169057128,-5.082444246976707e-06,0.0
8478460,D,14,0.0,0.0,0.10149259524347029,-0.005073864054465349,0.005097954390636714,0.0005538021761017369,0.0
8478500,D,14,0.0,0.0,-0.005622749565394944,-0.011726976859744368,-0.00898348959696634,-0.00045844559561675614,0.0
8479370,F,13,0.001543460609343303,0.0,-0.029919117767966234,-0.014464519086580982,-0.0009136633358411937,-0.000955152133247089,0.0
8479371,D,14,0.0,0.0,0.012476834501125087,0.0126108301624469,-0.0008157239574433764,-0.0014808338500009765,0.0
8479671,F,14,0.0004467946009446477,0.0,-0.029442823494166794,0.01631231987019767,-0.001081961133842577,0.0003310113156760318,0.0
8479944,F,11,-0.005434147606728844,0.0,-0.050354908946432624,0.011537219847176435,-0.0005202814444211435,-0.0012128181344552896,0.0
8480246,D,16,0.0,0.0,0.01375934990219165,-0.00025876196043885793,-0.0006380007651411712,0.0004759827500762301,0.0
8480806,F,14,0.006234757730322438,0.0,-0.06806772881991095,0.018943368427848415,-0.0003189639557400937,-0.002639392806004586,0.0
8480893,F,14,0.011086903733750333,0.0,0.04641239243029981,0.014503029040374324,0.003342426569339697,0.0008772925792899381,0.0
8481056,D,16,0.0,0.0,0.0053089320822820646,-0.014594229357852071,-0.0005682588413009461,0.0006157693253533262,0.0
8481716,F,14,0.008438057580718786,0.0,0.05004931228565929,-0.019429688531210607,-0.001469759738500281,-7.049800980227145e-07,0.0
8482062,F,14,-0.0025765899151332836,0.0,-0.04702268262579282,0.025259323304078186,-3.9818774430159e-05,-0.0001831087756150601,0.0
8482111,D,16,0.0,0.0,0.0003696296105854116,-0.008236716752687312,-0.004038800289861058,-1.958468593565637e-05,0.0
8482482,D,12,0.0,0.0,-0.0020725173055312334,0.015182528800965822,0.00040067412557654017,0.0003504710560372133,0.0
8482660,F,14,0.013191836010301997,0.0,0.013484598091773475,0.015885637357913263,-0.003269903688899241,0.0006631409418114466,0.0
8482705,F,14,0.016706341621617708,0.0,-0.027426854665280467,-0.037314043532288836,-0.006756988177467343,-0.000302342360337829,0.0
8482768,F,14,0.004774604800807376,0.0,-0.018481270170112595,-0.021024228924501853,-0.001925670998784951,0.0004248454208104213,0.0
8482982,G,8,0.004216019623488039,0.0,0.0,0.0,0.0,0.0,0.02519325542694402
8483465,F,3,0.0,-0.024232557285,-0.0018507939206491878,0.0002965592039670742,-0.0010269733819649764,0.00012747424737644296,0.0
8483485,D,13,0.0,0.0,-0.0018565813018681186,0.0013714738942093804,-0.00184631604886996,-0.0011966551602122092,0.0
8484166,F,14,0.017538646163662908,0.0,-0.029932579646756233,-0.03518278030088508,-0.01608544613486125,0.0004045186485254677,0.0
8485405,F,4,0.0,-0.0240480454275,-0.0008715232436335243,0.0008952571858769366,-0.0007826377074454281,0.0,0.0
8473604,F,14,0.0,-0.0222029268525,-0.00523822345051721,0.001068160510344917,0.0015119912842331655,-8.979449821458049e-05,0.0
8474568,D,11,0.0,0.0,-0.032890762563276936,-0.00016245875073669794,0.00012796523806165444,0.00011886670801077671,0.0
8474679,F,12,-0.022004658848397723,0.0,-0.005111998206378757,-0.017790315603715176,-0.003712281578684528,0.0006790465697293815,0.0
8475168,F,5,-0.019610619325171077,0.0,0.05594684073676544,-0.029728003361625455,0.015041818745969418,-0.00014235026875123025,0.0
8475794,F,14,-0.008541469455090234,0.0,0.055204187470619115,-0.02881259428506148,-0.003165942034684694,0.0010597155798724458,0.0
8475799,F,14,-0.012064409945995324,0.0,-0.008669269241528877,0.010506157668922602,-0.001329793506007068,-8.494062174678338e-06,0.0
8476278,F,14,-0.005999811758988857,0.0,-0.046049574000739876,0.00421728528806899,0.0008781136105977061,0.0005569182735769487,0.0
8476331,D,14,0.0,0.0,0.01601744009918657,0.015178493038788765,-0.0005499367241196009,0.0009026131089556019,0.0
8476460,F,14,-0.013890219390491317,0.0,0.03912443581556977,-0.04543413246132051,0.010248792517933692,0.001917147232639429,0.0
8476480,F,14,-0.010719890343532747,0.0,-0.0028595980689871624,0.0013413853590417285,0.004567457504822424,-0.0014622147968069692,0.0
8476871,F,14,-0.0075312818817591205,0.0,-0.02744480818198092,-0.04417843355518025,-0.0033192614727140897,-0.0003492681772158501,0.0
8476889,F,13,-0.006706822678911751,0.0,-0.03699829248106937,0.030248392681736822,-0.001094279381333429,-0.0005349160597843057,0.0
8476902,D,14,0.0,0.0,0.020004457477068954,0.04216957135028292,-4.220860410541973e-05,-0.0019212174953585188,0.0
8476945,G,11,-0.017098595509140273,0.0,0.0,0.0,0.0,0.0,0.058660684022055515
8477504,D,14,0.0,0.0,0.0458238330700479,0.013151909653737713,0.006855951316229865,0.0006741336578082606,0.0
8477938,D,13,0.0,0.0,-0.037043958134879644,-0.010997182676175447,-0.0003043972315690767,0.0003598188439638721,0.0
8478398,F,14,0.00010455288622677744,0.0,0.033561116048896965,-0.024890543689514745,0.013051016122483595,0.0012639844129336546,0.0
8478420,F,14,-0.00033996304811048997,0.0,0.03976413677129838,-0.044213602782771234,0.015226429936855777,0.00010057516189348732,0.0
8478449,F,9,-9.70375405291262e-05,0.0,0.05674327116821179,0.012771688444717794,0.01720139016025988,0.0010518221868413254,0.0
8479351,F,14,0.0029869764224095103,0.0,-0.049832550222348546,0.009231270954603632,0.0033627209594888907,8.427992884171192e-05,0.0
8479378,D,14,0.0,0.0,-0.01935752292312988,0.005319343699287077,-0.0003387865398294566,-0.0005729580387609748,0.0
8479414,F,14,0.0014503786575655413,0.0,-0.05343440361210708,0.02510669215872329,-0.00180783164856294,-0.0001715084114197965,0.0
8479979,G,10,0.025263093855227552,0.0,0.0,0.0,0.0,0.0,0.040286914688406755
8480014,F,14,0.007078321663825282,0.0,0.02359644680770981,-0.015180449621743206,0.009322210762188622,1.8128903531686603e-05,0.0
8480027,F,14,0.009065140732422752,0.0,0.07620414685014539,0.02459856397568087,0.015640890602221895,0.00015677787775363107,0.0
8480036,D,14,0.0,0.0,0.038880910857331745,0.01651274705387985,0.004310883038164567,0.000857917514944261,0.0
8480113,F,14,-0.00785303576614109,0.0,-0.023412925893378633,0.0470586052789312,0.0018230415155325,-0.0020294049425697664,0.0
8480145,D,14,0.0,0.0,-0.010472602062277585,-0.0059774013300478435,0.004982981522919917,0.0005905695899310749,0.0
8480289,F,13,0.003986421749878653,0.0,-0.03376612609729967,0.02191853267294856,-4.1201248908860036e-05,-0.00037692614822900056,0.0
8480878,D,5,0.0,0.0,0.004900727029491915,-0.021002270513877208,-0.002272818560837398,4.218174803404368e-05,0.0
8480950,D,12,0.0,0.0,-0.031213050085158914,-0.0020693256514172456,-0.00019702409234027273,-0.000240081134014566,0.0
8481043,F,14,0.0013951644977869184,0.0,-0.02364820963521999,0.01662212471665836,-0.00019612136114659036,0.0006339901421399221,0.0
8481581,D,14,0.0,0.0,0.07892000247090704,0.003945286979426684,0.012542199632639877,-0.0008532018144635291,0.0
8482145,F,14,0.0054329964998881325,0.0,-0.009876736618595533,0.015336094860101023,0.0017694653551204376,-0.000657850569311453,0.0
8482740,F,14,0.021735232424157747,0.0,0.045699694648581,-0.011317485407418764,0.009272773252338013,-0.00026180126725140274,0.0
8482787,F,6,0.0,-0.0236790217125,-0.004822017471871415,0.0015878941341606414,-3.0541959314943534e-05,0.0,0.0
8483425,D,14,0.0,0.0,-0.006735749025077141,0.007564461102583825,-9.494180751800224e-05,0.0009019569610706922,0.0
8484829,F,13,0.0,-0.02238743871,-0.007992331551815357,-0.0026756994309972693,-9.101326927704189e-05,-0.00021086867563657643,0.0
8474013,D,15,0.0,0.0,0.00012598012015338153,0.0048544579067270385,4.093534332896049e-05,0.0003038093144334406,0.0
8475461,F,3,0.0,-0.024232557285,-0.00026739945529651233,8.492454385504501e-05,0.0,0.0,0.0
8476874,D,15,0.0,0.0,-0.038835612027807075,0.046017447307973865,0.0001019214208999781,-0.0004763682472407268,0.0
8477220,D,15,0.0,0.0,-0.0028308872050013976,0.04351520297765256,-0.011309673853348287,0.0006588534725878578,0.0
8477951,F,15,-0.0025799260745536993,0.0,0.023002941767799275,0.0020126298355677683,0.0030593534124833794,0.005375845391659934,0.0
8478474,F,15,0.0016471983004690785,0.0,-0.002008409535908304,0.0008431629396435806,-0.01130750136535621,-0.0008202464323656398,0.0
8478507,D,15,0.0,0.0,0.003259096862136167,0.0011241074041177716,-0.0011640705364632429,0.00038790227281165865,0.0
8478831,F,15,-0.0004615681292712221,0.0,-0.06130221722789826,0.007669914232156166,-0.00042306522416775947,-0.0014530792507819574,0.0
8478872,G,11,0.00334582308831116,0.0,0.0,0.0,0.0,0.0,-0.003128027804387367
8479293,F,15,-0.012060216288885928,0.0,-0.05874100511857001,-0.002842006867329586,-0.0005004884999879725,-0.0019349891053958377,0.0
8479343,F,15,0.005870556592343708,0.0,0.010635061835982059,0.00107417523607749,0.004723160310279388,0.010121924590306048,0.0
8479410,D,15,0.0,0.0,0.026464977478629654,-0.02006916343324765,0.005765790879234798,0.00728910979234686,0.0
8479977,F,9,0.0,-0.02312548614,-0.0016742843563596218,0.0004096875678820117,-0.0027105988892012385,5.2950894122492245e-05,0.0
8480434,D,3,0.0,0.0,0.005451272780569517,-0.01662032988653347,0.0012253241816644392,0.00010915786450703294,0.0
8480855,F,15,0.007552832144874163,0.0,0.009327637799484093,0.00778657171965723,-0.0032557749650611134,-0.0014440274148060169,0.0
8482175,F,15,0.015501650453356943,0.0,0.06406161281382834,-0.0394999649298324,-0.007510163351821482,1.4101829825834329e-06,0.0
8482699,F,15,0.013060604880408107,0.0,0.009208210290961109,-0.004597120936288362,0.002252503839071139,0.006884597260400871,0.0
8483431,F,15,0.01885279928042517,0.0,-0.0017408076517538514,-0.012496665302220886,-0.0013335142727581534,0.00450239905845805,0.0
8484386,D,15,0.0,-0.028432817345,-0.004693535629714885,-0.0019045976252230028,-6.715381063392736e-05,0.00016010335154719235,0.0
8474574,D,16,0.0,0.0,-0.0004784849360283897,-0.005721207347042281,-0.0026204567397966907,0.00161802044635612,0.0
8475169,F,16,0.0,-0.0218339031375,0.0013616279175255284,-0.009495266729497224,-0.001118210806504182,0.00015123277005808474,0.0
8475762,D,3,0.0,0.0,-0.041637152950091426,0.027916979874381683,-0.00022123245743449122,-0.00011038808966033276,0.0
8477967,G,10,0.0007684603361884216,0.0,0.0,0.0,0.0,0.0,0.05542063421414661
8477969,D,16,0.0,0.0,0.05972866381815838,0.0013968802226513902,-0.0015062203848291555,-0.003067680626714676,0.0
8478444,F,14,0.0007759516074875496,0.0,-0.0013173874459226345,-0.017879692311629263,0.005639349869449205,-0.00010783512939269845,0.0
8478498,F,16,-0.0003425793406217896,0.0,0.00274887407847035,0.006159706066171216,0.0005616016173872664,-0.00036530275981735494,0.0
8478856,F,13,-0.002243446735970307,0.0,0.020164160489562877,0.04587146628244963,0.0005385915633272773,-0.0017760072113414595,0.0
8479425,D,16,0.0,0.0,0.03940236696651509,-0.013007722446884301,0.0014677205431895002,2.327017488733534e-05,0.0
8480012,F,16,0.006322146139623652,0.0,0.02234499939376945,0.012178289495054406,0.008276792182734605,-0.0003511273020134144,0.0
8480078,F,7,0.006521544637196676,0.0,0.03154319802078114,-0.00826891953796685,-0.0065124237136705235,5.762807391312108e-05,0.0
8480748,F,16,-0.003584367674368865,0.0,0.013580500313088318,0.005017912809910547,-0.004752708803724596,0.0008086906748358014,0.0
8480800,D,12,0.0,0.0,0.09492183958300292,0.001923758264183754,0.022716115678165387,0.0004135749429602494,0.0
8482055,F,16,0.003912432123628582,0.0,-0.029270066936713045,-0.009329628130221044,-0.0004061253657468652,0.00042220303305210707,0.0
8482691,F,14,0.0022255439195087157,0.0,-0.0114756008981769,-0.006439574018875754,0.0002770031998809944,0.0002956151917091068,0.0
8483395,F,16,0.0,-0.0218339031375,-0.0016414573871700575,0.00024948605622504875,0.0005652204740292676,6.449620852566164e-05,0.0
8483476,F,5,0.0029989910678044664,0.0,-0.006850448695133341,-0.012714229270179768,-0.0018191773497328067,-1.4491035172669987e-07,0.0
8483678,D,15,0.0,-0.028432817345,-0.00424973791140615,-0.0038936367251321026,-0.00022064823494004706,0.0008652742370758908,0.0
8485385,F,4,0.0,-0.0240480454275,-0.0034345893473774662,-0.003568643932984057,-0.0003817744914367942,0.0,0.0
8471817,F,11,-0.00959776263731359,0.0,-0.055156565943478474,0.0033806789773767067,-0.00027694661423552564,-3.040129537600419e-06,0.0
8475181,D,8,0.0,0.0,-0.0005398703994555667,-0.016234269951953203,-0.0007972821403992643,0.0006335551913060207,0.0
8475200,D,15,0.0,0.0,0.001152610019464205,0.014454320318150029,0.00515307181949756,-0.0026390286502801655,0.0
8475726,F,15,-0.013938575474356297,0.0,0.04073948880071749,-0.01692062911697625,-0.004330729160156644,-0.00011493684141771709,0.0
8475784,F,14,-0.011696708843093363,0.0,0.036117207450250766,-0.04023308073466045,-0.008367218326646346,-1.7257777112406734e-05,0.0
8475906,D,9,0.0,0.0,-0.008608975822136116,-0.054461886439393946,-0.0007004225958338696,-5.099909084627955e-05,0.0
8476624,F,15,-0.009381763484738452,0.0,-0.08046473884316027,-0.025433839438857977,-0.002577606391013411,-0.003311517034932403,0.0
8477018,D,11,0.0,-0.029385872675,0.0020108688946330394,-0.0034578967389473432,-0.0008793951392538106,0.00011557990817061836,0.0
8477505,F,15,-0.00714115435408307,0.0,-0.028016095820015872,0.015229333074267552,-0.005644714233622594,-0.005552068532311561,0.0
8477968,G,7,0.0010508799460768742,0.0,0.0,0.0,0.0,0.0,-0.0219332633061105
8478874,F,11,-0.0002864318105725645,0.0,-0.008776440439315157,0.003562171533372206,-0.00970189124770789,0.0004929603422871271,0.0
8479983,D,15,0.0,0.0,-0.0005124541419068481,-0.04546640731529063,-0.0019546384497649734,-0.004044991510591225,0.0
8480043,D,12,0.0,0.0,-0.004079391817784304,-0.009082001912378544,-0.007756938406165117,-0.00015833629022802642,0.0
8480798,F,13,0.006965944755944068,0.0,-0.04526595104539211,-0.02849334002259202,-0.00659492116116517,-0.0010391389311836551,0.0
8480848,F,15,0.006658602299474405,0.0,-0.061153110079405285,-0.02263213204287051,-0.000737801315651496,6.456332826021741e-06,0.0
8481033,G,8,0.005289997941748163,0.0,0.0,0.0,0.0,0.0,-0.004006381169661868
8482166,D,6,0.0,0.0,-0.017672084012396207,0.01237752327072218,-2.7778372074009844e-05,5.6861496833245074e-05,0.0
8482667,F,13,0.016808740647865292,0.0,0.0018205877830710588,0.028415532075540675,0.001391952199874479,0.0006478397033338485,0.0
8484227,F,15,0.01065262163945364,0.0,0.020972816631090397,-0.021249983648790494,-0.0018428764318018077,0.00010193072496070511,0.0
8484801,F,15,0.014303379516121371,0.0,0.013861285133426004,-0.01181106367476354,0.009013850320315115,0.00014827808384526987,0.0
8484911,F,14,0.003675695912759417,0.0,-0.012780016725105302,0.0008665821781581669,-0.001016511395997372,0.000876123395072238,0.0
8473986,F,13,-0.022654218292473535,0.0,0.0026859454485894992,0.015612272954501603,-0.016991627272769774,-0.00039103531796358377,0.0
8474586,F,14,-0.015421420501012147,0.0,0.04922690964150949,0.004809594686524619,-0.00858207989698968,0.00011068087669136324,0.0
8475184,F,9,-0.017709954872612895,0.0,0.013024436759105484,0.0039798307554127325,0.007940928647199409,0.003818331469809577,0.0
8475462,D,8,0.0,0.0,-0.008370279155256875,0.025151752541747462,0.00011919269661461272,-0.0004648647812416212,0.0
8475768,F,14,-0.012908204156994577,0.0,-0.02771008413131392,0.0031988201249503736,-0.001957804837048307,-0.000731174299835499,0.0
8475798,F,9,-0.01721404402993144,0.0,0.010340770936654952,-0.035448118490004295,0.003279636837370851,-0.00114088032787753,0.0
8476457,D,14,0.0,0.0,-0.01317668476128353,-0.017159774177122424,-0.0006177581369467401,-0.0017693688563212076,0.0
8476467,D,14,0.0,0.0,-0.0157795980960023,0.003175426635613262,-0.0003559088744579797,-0.0016004480997270911,0.0
8476885,D,13,0.0,0.0,0.008250319466809378,-0.04252792234138413,-0.002477520656890813,-0.0015194859267451807,0.0
8476905,F,14,-0.008806645360648175,0.0,-0.0415082986517824,-0.0561109318163106,-0.002079608727112393,5.807199125565572e-05,0.0
8477527,F,12,-0.0029987409685047852,0.0,-0.06569987056284646,0.010708426139746121,-0.0003637653740908033,-6.396472381021169e-07,0.0
8477919,F,5,-0.010724452865515962,0.0,-0.06168737459180966,-0.0152266933451643,-0.004866446323786154,-0.002056331819263367,0.0
8477955,F,6,-0.0016674905495536912,0.0,0.04925392880782661,0.0017058460689262991,-0.0014990009517508937,-6.725502397494931e-05,0.0
8477986,D,10,0.0,0.0,0.023439343945348225,-9.922245223281364e-05,0.0019978594066253613,0.0002741267017411006,0.0
8478366,F,13,-0.00906742975803474,0.0,0.005195744341312448,-0.05637745837945404,-0.012286417793670694,-2.247572406761327e-05,0.0
8478407,D,14,0.0,0.0,0.070966802740019,-0.022279758989871123,0.0013616660735893443,0.000910681454303832,0.0
8478873,F,13,0.002530738940963568,0.0,0.021243275031359428,0.005360032833580529,-0.003864524280295454,0.0016961226344707069,0.0
8478916,G,12,0.00416167555914825,0.0,0.0,0.0,0.0,0.0,0.003119841776344905
8478975,F,13,-0.003721983132613368,0.0,-0.002401072776915726,-0.0010096098617530295,0.0012792408096233042,-1.5996409699506282e-05,0.0
8479324,D,14,0.0,0.0,-0.0483914924637788,-0.008871953519419688,7.192020112145733e-05,0.0017976357285470201,0.0
8479372,D,14,0.0,0.0,-0.021363608190028773,0.01515213747433689,-0.0012447536405699386,0.0007909913817469187,0.0
8480009,F,14,0.006576131693933018,0.0,-0.03272680885870825,0.00221458317238102,-0.0077506428720065705,-0.00034855697703530225,0.0
8480068,F,13,0.004775454963643377,0.0,-0.023239461409839936,0.016137687823046972,0.0004423880198658541,4.366484514930146e-05,0.0
8480843,G,11,0.020345303955133037,0.0,0.0,0.0,0.0,0.0,0.035933992817721236
8481563,D,13,0.0,0.0,-0.014228418342260771,-0.008963203160040062,-0.0007983501866527514,0.0033775558864725043,0.0
8481605,D,13,0.0,0.0,0.010422574263640195,0.004377048797561094,-0.0014019326789300604,-0.0017600594784476793,0.0
8481789,F,14,0.006547320605961741,0.0,-0.03051404034622096,0.005785883159724676,-0.0005297801960381265,-1.9317494788544505e-05,0.0
8482118,F,8,0.002397845976275851,0.0,0.011459460966398514,-0.02357069422474496,-0.0011249908248011867,0.0,0.0
8482665,F,14,0.019873103041061668,0.0,-0.03667868030637404,0.029646957248684925,-0.018323874097353532,-0.00020213460466231956,0.0
8482745,F,13,0.017292302070182,0.0,0.03986155494360019,-0.04355064306633879,-0.009855666118408987,0.0007808109857678385,0.0
8482751,F,14,0.0,-0.0222029268525,-0.0072053386522926135,0.0002413046678606869,-5.3448428801151197e-05,-0.000247283806216848,0.0
8482803,D,13,0.0,0.0,0.005820193790904379,-0.008278353044151528,-0.008107096310779481,0.00010439766716135545,0.0
8483445,F,13,0.009756697595781424,0.0,0.04040725504612567,-0.006795102079781177,-0.0020386781866001923,0.00012607020591875022,0.0
8483490,D,13,0.0,0.0,0.01646775888850242,-0.03924609698393782,-0.00456646501518417,0.0014882772714312745,0.0
8483497,F,13,0.0,-0.02238743871,-0.005703713839277445,0.0028594749756302167,-0.0007175418171983609,0.0,0.0
8483524,F,14,0.009070966012308827,0.0,0.013491062906331942,-0.013586378166160665,0.000980291495627591,6.085062053038916e-05,0.0
8484153,F,13,0.01760103900143714,0.0,-0.00020918296028360484,0.007654584041638073,0.0012356709841832088,0.001525779522810309,0.0
8484762,F,13,0.0,-0.02238743871,0.010557198361625868,-0.010325206400478173,-0.0024927932023794544,2.56326728912008e-05,0.0
8480074,F,8,0.004787448493086772,0.0,-0.023014003794940157,-0.03745706276376261,-0.0005876302632805987,-5.600110790285783e-05,0.0
8480981,G,7,0.01273641941007698,0.0,0.0,0.0,0.0,0.0,-0.03390063488670185
8484180,F,14,0.0,-0.0222029268525,-0.0002267846382253125,0.00204656271772542,-0.0002023404804615009,-0.00026082938258989327,0.0
8484768,D,11,0.0,-0.029385872675,-0.0017338885254395407,0.0005989126465087082,-0.002726209926145325,2.2493668630777118e-05,0.0
8480887,D,6,0.0,0.0,-0.01391761400404553,-0.004815467158861146,-0.00017278704451772407,7.105089185890248e-05,0.0
8482671,D,13,0.0,0.0,0.02141883768249545,-0.015629760917956675,-0.013157998428583277,0.002346170062613174,0.0
8482896,F,8,0.001730899742287298,0.0,-0.015323692291974498,0.011624445392222776,0.0003751351602917823,-0.0006118602737998761,0.0
8480879,D,9,0.0,0.0,-0.004796168267048581,0.0010622100225396972,-0.00031640085400475796,0.00017303763364175104,0.0
8481013,F,11,0.006933324955976601,0.0,-0.03547683581941395,0.0033300729671141664,-0.0007245590721594542,-2.579503852899209e-06,0.0
8479772,F,2,-0.0002720252312511529,0.0,-0.020361159753665432,-0.004511983907445083,-0.0007656444857749865,-3.8056396256137725e-06,0.0
8482090,F,4,0.0,-0.0240480454275,-0.0006022228502583805,-6.935948645545915e-06,-3.435970422931148e-05,3.332247475856104e-05,0.0
8484304,D,10,0.0,0.0,-0.02953665359247223,0.006896904704503149,-0.0018544182538242984,0.00021355102902796238,0.0
8483553,F,2,0.00121410999237347,0.0,-0.017083939620653587,-0.0016405991999066667,-6.858001258522217e-05,0.0,0.0
8475810,F,13,-0.014256852364507341,0.0,0.0619694873435386,-0.06276590162384468,-0.0005174852556435296,-0.0023168773031172437,0.0
8481704,F,11,0.005774214263975756,0.0,-0.06116355970271123,-0.021193241423944104,-0.001020644555365808,-2.2340345867339153e-05,0.0
8481035,G,5,0.01751324670176048,0.0,0.0,0.0,0.0,0.0,-0.024278265014635418
8483733,F,10,0.0,-0.0229409742825,-0.002649808835783389,0.0013517836921557301,-3.817744914367942e-05,0.0,0.0
8484779,F,5,0.0,-0.02386353357,-0.001637528036265563,0.00047128521237963216,0.0,6.151841493888192e-05,0.0
8482117,F,13,0.010360124881452229,0.0,-0.037777486564537534,-0.023475684758480667,-0.010412965457041214,-0.0001680680647973764,0.0
8482146,F,15,0.011103312496176083,0.0,0.002291128851321796,0.01782521840388672,-0.0035065755991038933,-3.392418905948273e-05,0.0
8476463,D,14,0.0,0.0,0.0014286626835178407,0.0337105592278989,-0.0018425044897201982,-0.0008733306674916175,0.0
8478007,G,7,-0.006726344433417304,0.0,0.0,0.0,0.0,0.0,0.011256460932251234
8482470,D,10,0.0,-0.0296241365075,0.0009209575313082188,0.003696826942118019,0.0,2.7168003429898412e-05,0.0
8475717,G,6,-0.01016719882178361,0.0,0.0,0.0,0.0,0.0,-0.03509929563546792
8475852,G,3,-0.01659631263939436,0.0,0.0,0.0,0.0,0.0,-0.019628598700038413
8481754,F,11,0.0,-0.022756462425,-0.0013652145799199545,0.0011931677044112593,-0.00045431164480978515,0.00019614335681231138,0.0
8482137,G,9,0.004804390597297732,0.0,0.0,0.0,0.0,0.0,-0.017656829521282353
8484806,D,12,0.0,-0.0291476088425,0.0002974121371632672,0.00239858733083498,-0.0009305599473558506,-3.5158314847891524e-05,0.0
8471734,G,4,-0.027110228146797873,0.0,0.0,0.0,0.0,0.0,-0.012999620069076175
8477380,F,7,-0.004674827193324581,0.0,-0.010664618945402465,0.006199857525207296,-0.0038474185547406723,-6.348791393382426e-05,0.0
8477947,F,8,0.0,-0.0233099979975,0.002756846032440425,0.0016256221292254211,-0.0017260390832592861,0.0,0.0
8479292,G,5,-0.00776562889047566,0.0,0.0,0.0,0.0,0.0,-0.01596520917106878
8480990,D,7,0.0,0.0,-0.018458444788227165,0.015898726535662003,-0.001929762974803547,-0.00016316287969572746,0.0
8481525,D,9,0.0,-0.02986240034,-0.004831399566494594,0.0058637972950173495,-0.00013430762126785472,-0.00025802863516029783,0.0
8482623,F,8,0.0,-0.0233099979975,-0.0011577627792979453,0.002048295483333983,-7.635489828735884e-06,-0.0001739057277707952,0.0
8477992,G,5,3.289870183987343e-06,0.0,0.0,0.0,0.0,0.0,-0.00506451609379948
8482655,D,12,0.0,0.0,0.006168428474038221,0.002506857766350612,-0.0031641820685826922,0.0008840971143372981,0.0
8480245,F,6,0.0012566874415172033,0.0,-0.01590249012636179,0.01661019400966182,-0.0007542134898920736,2.2756874676819924e-06,0.0
8481606,D,6,0.0,0.0,0.03723861683071157,0.018994611188825096,-0.004339596000249887,-3.4459452429555547e-06,0.0
8482095,D,12,0.0,0.0,-0.04628984527941129,0.003968161422151631,-2.9405811213544696e-06,7.298801176595414e-06,0.0
8476525,D,5,0.0,0.0,-0.006012398526733615,0.02162519663449729,0.0010683380839558235,-0.00012384485776008872,0.0
8477480,G,4,-0.00035887094034023153,0.0,0.0,0.0,0.0,0.0,0.018713173634446852
8474037,F,12,-0.016732212164126067,0.0,0.027869641933120762,-0.012709586348263259,-0.006937191185334003,-1.7818744499973876e-06,0.0
8484158,F,11,0.0,-0.022756462425,0.0009690198190707689,0.0032923109319802375,-0.0023326421426788126,2.56326728912008e-06,0.0
8480193,G,4,0.007609550509646137,0.0,0.0,0.0,0.0,0.0,-0.01123869038458965
8482126,D,4,0.0,0.0,-0.007179973258905225,0.006392132819092099,-0.0013397049594331704,5.367703156682482e-05,0.0
8474596,G,9,-0.017269363710584636,0.0,0.0,0.0,0.0,0.0,0.01410254111760351
8481161,D,10,0.0,0.0,-0.018398961138698128,-0.013881648934400286,-9.922041231414725e-05,-7.545965695610148e-05,0.0
8483531,F,10,0.0,-0.0229409742825,-0.005090447044392024,0.0008777731164173758,-1.1453234743103828e-05,0.0,0.0
8480947,G,7,-0.0014512234962120786,0.0,0.0,0.0,0.0,0.0,-0.014957835126926299
8483768,D,6,0.0,0.0,-0.020093682738062918,-0.03661751296008845,0.00032919776287605696,0.0002087838913328922,0.0
8482661,G,4,0.0,-0.1173,0.0,0.0,0.0,0.0,-0.008285600732585257
8483525,F,11,0.0,-0.022756462425,-0.005225766868398456,-0.004399779567377174,-0.0005383020329258797,0.0,0.0
8477970,G,5,0.0010265299824208812,0.0,0.0,0.0,0.0,0.0,-0.015631045300501058
8479619,F,13,-0.0008073191163666506,0.0,0.009485056139769335,-0.030940001500817778,-0.0020161591299844876,0.0003187890847293075,0.0
8480849,F,13,0.008904353104713056,0.0,0.027059320713346147,0.01598244945294777,-0.0075741993897448815,0.00235720721601513,0.0
8480051,G,4,0.00530413002292851,0.0,0.0,0.0,0.0,0.0,-0.04473491638077401
8481020,G,4,0.00937703579866782,0.0,0.0,0.0,0.0,0.0,-0.024728760017385863
8482103,F,13,0.0,-0.02238743871,-0.0026086192960952147,0.0017507570115560392,-8.017264320172677e-05,-0.0002916116667728679,0.0
8478458,F,14,0.0004256924890082589,0.0,0.006298052870458381,-0.03789045205848577,-0.00429298880507885,0.00026649139840296464,0.0
8479442,D,7,0.0,0.0,-0.054628596040217636,0.015017059795028442,-0.0002803605209203244,-0.0005237788909908083,0.0
8481133,F,7,0.0,-0.023494509855,-0.0019460826604819207,0.0008103636770796889,-3.435970422931148e-05,0.0,0.0
8482624,D,2,0.0,0.0,-0.02446340490445057,0.012370894602397814,-0.0014826853610396262,-3.7997693190973307e-05,0.0
8475755,D,12,0.0,-0.0291476088425,-0.004593377135178863,-0.0020768139487889266,-6.395601012754987e-06,5.061075441924852e-05,0.0
8476422,D,10,0.0,0.0,0.024502610640449805,0.009404734316062521,-0.004134281828369654,0.0018123182951472285,0.0
8476873,F,8,-0.0033616634880365157,0.0,0.018292534824965165,0.04821634856080533,-0.0012396422141966084,7.957037661619477e-05,0.0
8483548,G,5,0.0,-0.1164,0.0,0.0,0.0,0.0,0.01691685971166603
8485402,F,8,0.0,-0.0233099979975,0.0012079173577081628,-0.0017131426588960063,-0.0029282103493202113,0.0,0.0
8476856,D,6,0.0,0.0,-0.028689170479298514,-0.02758208995874425,-0.002190149981519405,-0.0007237495163278199,0.0
8477365,D,4,0.0,0.0,-0.01334378581966658,-0.01025925544618402,-0.0002682061022966988,-0.00027549529827190105,0.0
8480208,F,11,0.004992543752187183,0.0,-0.0006538500127812171,-0.007984682235083767,0.015326279783578806,-3.6942180160780025e-05,0.0
8482447,G,3,0.0,-0.1182,0.0,0.0,0.0,0.0,-0.02093146507528729
8484145,F,9,0.01861433142726066,0.0,0.001296062335912884,0.03220551880072014,-0.004519927183745149,0.0015465750945618919,0.0
8482445,G,5,0.0,-0.1164,0.0,0.0,0.0,0.0,0.023528186812807227
8481593,D,10,0.0,0.0,-0.006598144778115926,0.01055731169428158,-0.00032164352487783996,0.00011453985243555458,0.0
8475831,G,3,-0.01326846608967177,0.0,0.0,0.0,0.0,0.0,-0.014746864796567205
8481560,F,3,0.0,-0.024232557285,0.0006595473926422536,-0.0013584459230568822,0.0024774922941626304,0.0,0.0
8479496,G,5,-0.009151775709798353,0.0,0.0,0.0,0.0,0.0,-0.005445083013727541
8481237,F,10,0.0030244240484674097,0.0,-0.0611647963224953,0.0067569209445949505,-0.00024096448826934204,-0.0004275299396313606,0.0
8481546,D,11,0.0,0.0,-0.0062404021345596064,0.014680936039144662,-0.0016278957182332193,0.0014417401260025781,0.0
8484135,F,7,0.0,-0.023494509855,-0.0038846322092886327,-0.0009436625799375835,-3.817744914367942e-06,-0.00016535442976758647,0.0
8482475,F,9,0.005939959670957306,0.0,0.005186714260314287,0.004304264513740212,-0.004063068116417207,4.8980026446519124e-05,0.0
8477454,F,11,0.0,-0.022756462425,-0.0032658568529981466,-0.0015317566132369489,-3.817744914367942e-05,0.0,0.0
8479193,G,5,-0.012616905989756988,0.0,0.0,0.0,0.0,0.0,-0.005498715420058522
8481024,F,13,0.0,-0.02238743871,0.0014438159165007234,-0.0012326831679566625,-0.0005544097765133049,0.0,0.0
8484136,F,13,0.0013025896733665672,0.0,-0.0031476955906053774,0.004437832749560397,0.0001136718691553086,-1.3982325061774816e-05,0.0
8479705,F,4,0.0,-0.0240480454275,0.0035610619789017096,0.0006028078467646592,0.0,8.898916171864375e-05,0.0
8482726,F,3,0.003318694600576292,0.0,-0.0319356097757829,0.008160597717623366,-4.636091968945148e-05,0.0,0.0
8476927,F,3,-0.006275992246885212,0.0,-0.02766991514221396,-0.012282298058430167,-0.0009890329524648441,-0.0006569433029684417,0.0
8477070,F,7,-0.0029206748582278003,0.0,-0.03568683933436783,0.016789450109387007,-0.00011221288648343504,-0.00024215764638154473,0.0
8479576,D,11,0.0,0.0,-0.04886660405661771,0.028680352195267336,-0.0003475285153932934,-0.0013974386431094264,0.0
8482861,D,7,0.0,-0.030338928005,-0.004310856010436973,-0.0006394340550856236,-6.0758209621172366e-05,-0.00015637320936418353,0.0
8480871,D,5,0.0,0.0,0.01569726440079595,-0.047963242954635665,-0.0012944620409711207,-8.407885658673438e-06,0.0
8477508,F,5,-0.0030756741986242855,0.0,-0.05252335319327029,0.011848323517114095,-0.000509651329660724,-0.0005271734209897036,0.0
8477401,F,4,-0.001698828047010787,0.0,-0.030588295710390706,-0.0029447552670214872,-0.00014712519607086106,0.000254633202093809,0.0
8479985,D,5,0.0,0.0,-0.018406066755549788,0.00853937446232686,-4.781156896820548e-05,-7.430431186514304e-05,0.0
8480813,F,9,0.00766049149771024,0.0,-0.07300820463387041,-0.011960393564859725,0.002016846023296247,-0.0006288818075372479,0.0
8483424,F,3,0.0,-0.024232557285,-0.0008806675916170634,3.322000065088807e-05,-1.1453234743103828e-05,0.0,0.0
8475752,F,9,0.0,-0.02312548614,-0.0030511561582942633,-6.992399735624773e-05,0.0,3.84490093368012e-05,0.0
8482516,D,6,0.0,0.0,-0.015240965865299487,0.003446480212355806,-6.378577069300362e-05,-6.852947578763796e-05,0.0
8483565,D,6,0.0,0.0,0.014878637725440251,0.014874254311276917,-0.0007186804067393152,-0.0008662202843686572,0.0
8481556,F,6,0.006978349818381377,0.0,-0.04944567757341777,0.00702871436520087,-4.1462867413753344e-05,-0.0017879841616359555,0.0
8482947,F,10,0.0,-0.0229409742825,-0.0002118102680277919,-0.0003251855821367008,-1.908872457183971e-05,0.0,0.0
8476456,F,11,-0.01218160964994032,0.0,0.008999548131976867,-0.021339863445812585,-0.0010948398959018373,0.0009913330696013887,0.0
8482125,F,7,0.008263275508209,0.0,-0.03471906107373786,-0.018238925347275035,-0.006369945546596973,-1.6169206589420543e-06,0.0
8482172,F,6,0.003547950497279334,0.0,-0.012561556856215766,-0.0365013983801079,-3.405675795799346e-05,-0.0010021366119720098,0.0
8482178,D,7,0.0,-0.030338928005,0.001525054352040985,-0.0030335853156569876,-0.00016948342683800714,0.0,0.0
8480259,F,6,0.000644082847037933,0.0,-0.01318159292193672,-0.0031979187692120752,-4.8193525435897e-06,4.6583298587955424e-05,0.0
8484800,F,9,0.0,-0.02312548614,-0.003087453525003861,0.0006165588846499838,0.00045450587151259745,0.0,0.0
8484305,D,5,0.0,-0.03081545567,-2.245028289723594e-05,-0.0013290636222647496,0.0,0.0,0.0
8483471,F,5,0.0,-0.02386353357,-0.00015402884313980928,-0.0017050339611579936,-0.00011453234743103826,0.0,0.0
8484428,D,7,0.0,-0.030338928005,0.0005647212255938837,-0.000373958044616808,0.0,0.0004343110773268481,0.0
8478013,D,10,0.0,0.0,0.04799277473828688,-0.007944558059072578,-0.001425498469148575,-0.000911337452929505,0.0
8476425,F,2,0.0,-0.0244170691425,-1.6203572935942267e-05,8.485141894680244e-05,0.0,0.0,0.0
8480058,D,9,0.0,0.0,-0.0198795542263422,-0.03425476024270011,0.0001778503425706024,-0.00018781736769713414,0.0
8482496,F,3,0.003381103299306579,0.0,-0.03975883474783805,-0.0013361030325277383,-0.00018379967401503704,-0.0002702744973424322,0.0
8476899,G,3,-0.0018625869000275534,0.0,0.0,0.0,0.0,0.0,0.0020876284752997416
8483570,F,6,0.0,-0.0236790217125,-0.0012793870775065386,-3.786634664097027e-05,-3.817744914367942e-05,0.00010912772879704733,0.0
8483573,F,4,0.00039193108120703327,0.0,0.0033431226643736303,0.00933572626392264,0.0013872955774470682,0.0,0.0
8470621,F,9,-0.02477648708347882,0.0,0.0019282273455694203,-0.004238194007912249,0.0032224972066277943,-7.021429385476028e-07,0.0
8476474,F,8,-0.010387956640437115,0.0,0.01694822818574573,0.01668555540701141,0.005502638822999939,-0.0003087184325261035,0.0
8482076,G,2,0.007249474821841973,0.0,0.0,0.0,0.0,0.0,0.015388887798865781
8481551,G,2,0.0,-0.1191,0.0,0.0,0.0,0.0,0.0017340378487846156
8483500,F,6,0.0,-0.0236790217125,-0.0016344840212216003,0.001253714806863921,-0.00040849870583736976,0.0,0.0
8482749,F,2,0.0,-0.0244170691425,-0.00046193425725501883,7.123231072819488e-05,-1.908872457183971e-05,0.0,0.0
8480828,D,4,0.0,-0.0310537195025,0.0002711262366454204,0.0004221571358067753,-1.5989002531887466e-05,-0.0004785139286149292,0.0
8483752,F,8,0.0,-0.0233099979975,-0.0005953025889652219,0.0021475997757567514,-0.0009968498046150091,1.28163364456004e-05,0.0
8476897,F,9,-0.0061184431550421236,0.0,-0.05570079517699242,0.01646034122320777,-0.0026794911642036997,-0.00035222843370284344,0.0
8484241,F,9,0.0,-0.02312548614,-7.82876001074928e-05,-0.0033599387147804755,0.0015313041640671696,0.0,0.0
8481529,G,3,0.0,-0.1182,0.0,0.0,0.0,0.0,-0.0033558704370792018
8482911,D,7,0.0,-0.030338928005,-0.00046091034681567083,-0.0015849402091700107,-0.0003325712526632593,0.000964709556630577,0.0
8477541,D,3,0.0,-0.031291983335,-0.0012261481683334826,-0.0009016376588517525,0.0,1.3913762489064123e-05,0.0
8479026,D,7,0.0,0.0,-0.027237251957620764,0.0012862180888986677,0.00016566888671598745,-0.00043492777383807055,0.0
8481569,D,3,0.0,-0.031291983335,0.0008076043506629716,0.0002431104176851968,0.0,0.0,0.0
8476878,F,7,-0.006690589093651242,0.0,-0.07617200000252308,0.05102480664634722,-7.867444581609263e-05,-0.0027371983578428423,0.0
8480426,D,7,0.0,-0.030338928005,0.0006944341505898333,0.0021223510161968934,-0.00013599151597955552,-0.0002679662856732229,0.0
8481655,F,5,0.0022256807931137017,0.0,-0.00966807722464748,0.007652774053924184,-4.233409324634068e-05,0.00018329094206536486,0.0
8480045,G,3,0.01892740685383597,0.0,0.0,0.0,0.0,0.0,-0.021850592999111913
8475795,D,2,0.0,0.0,-0.02389364987756622,-0.004127644229056069,-8.614785471107199e-05,-0.00012189576384748923,0.0
8479980,D,8,0.0,0.0,-0.03926377635744795,-0.016573630041885064,-0.00021153610658505915,-0.0006394687118265481,0.0
8484203,F,6,0.0,-0.0236790217125,-0.00272604497937738,0.0003035353321560456,-0.0009735249531638253,0.0,0.0
8482072,D,4,0.0,-0.0310537195025,0.003114341498093862,0.0012930193513967557,0.0,0.0,0.0
8482761,G,3,0.0,-0.1182,0.0,0.0,0.0,0.0,0.0021490119175121896
8480840,F,4,0.0036063205610126826,0.0,-0.04278497037949397,0.03466315993902801,-0.00013019261835028325,-0.00020764314082762753,0.0
8482747,F,2,0.0,-0.0244170691425,-0.0007610896529921502,0.0001770493515444802,0.0,0.0,0.0
8483503,D,5,0.0,0.0,-0.015705925182066226,0.011700241344871687,-3.5484638068186755e-05,-6.916571870985837e-05,0.0
8480891,D,5,0.0,0.0,0.00994177332848832,0.027769867385163398,-0.0052875420110471555,0.0008258220987299871,0.0
8478424,F,4,0.0006252807593977805,0.0,-0.048494944254928535,0.023320298329938646,-0.0005501405606966764,-0.0007872033258979115,0.0
8479393,F,4,0.0027917828913366018,0.0,-0.06726342577555527,-0.029731143074760456,-5.784282544003179e-05,0.0002551630802963921,0.0
8481219,D,5,0.0,-0.03081545567,-0.001466720571448906,-0.0013811298106917998,0.0,-0.0005575028901190691,0.0
8481562,D,2,0.0,-0.0315302471675,-0.0015476521048236164,-0.003317923456885219,0.0,-7.515860026668144e-05,0.0
8478476,D,4,0.0,-0.0310537195025,-0.0007652193960586669,0.00020245115357526224,0.0,0.0,0.0
8477996,F,5,0.0,-0.02386353357,-0.0027604881521614026,0.000608836659630545,-4.581293897241531e-05,0.00013585316632336422,0.0
8483429,D,3,0.0,-0.031291983335,-0.0030500560169484806,0.0005901479433698113,0.0,0.0,0.0
8484240,D,6,0.0,-0.0305771918375,0.001097567688253972,-0.00036195606672151934,0.00042217070429465377,-5.152552511228008e-05,0.0
8478104,F,4,0.0,-0.0240480454275,0.0005088155306467584,0.0009565492143818645,-0.00014889205166034974,0.0,0.0
8478413,F,4,0.0004428586247427872,0.0,-0.027034885183544816,0.005635190105600471,-0.0006420147851170578,-0.0010904614857942384,0.0
8476907,F,4,0.0,-0.0240480454275,-0.0006552536555555776,-0.0004473017120300692,0.0,0.0,0.0
8484164,F,5,0.0,-0.02386353357,-0.001759176818807395,0.0006719586234362418,0.0026412369435154753,0.0,0.0
8480825,F,4,0.0,-0.0240480454275,-0.0012234225878329182,-0.00022217600022190153,-3.817744914367942e-06,-0.0002325180638278346,0.0
8479421,D,2,0.0,0.0,-0.005782920447293805,-0.0017315013550042605,-3.4226236777331636e-05,-5.950775524990044e-05,0.0
8484221,F,4,0.0,-0.0240480454275,-0.001349663354446928,0.0008480786309260946,-0.00040086321600863394,0.0,0.0
8478406,G,2,0.006432502493529013,0.0,0.0,0.0,0.0,0.0,0.028754126959296276
8482953,F,2,0.0,-0.0244170691425,-6.0097272115365225e-05,0.00023328286299646112,0.0,0.0,0.0
8482765,F,3,0.0,-0.024232557285,0.00043825019080442386,0.0008573690628820354,-0.0010766040658517597,4.870207849328151e-05,0.0
8481848,F,4,0.0,-0.0240480454275,-0.001017315266649166,0.0005415916445365747,-2.2906469486207656e-05,0.00022044098686432688,0.0
8482783,G,3,0.005021810951359895,0.0,0.0,0.0,0.0,0.0,-0.008498405266528243
8479395,D,3,0.0,0.0,-0.00861464201393837,-0.01257995679291989,-0.00241171651888858,0.00014458739536983125,0.0
8481554,F,4,0.011795230233123505,0.0,0.0007520640102201977,-0.0019726973846525223,-0.006044706219329215,-3.9390015532238026e-05,0.0
8482206,F,3,0.0,-0.024232557285,-0.0012834337521540021,-0.0010510917897483076,-0.00043904066515231335,-0.00019996567005987396,0.0
8484197,F,3,0.0,-0.024232557285,0.002044786100075588,-0.00024018425348294942,0.0,0.0,0.0
8481611,G,2,0.01779716766677678,0.0,0.0,0.0,0.0,0.0,0.011076228636725374
8483039,F,2,0.0,-0.0244170691425,-0.0009157115786375416,0.0005290916202516436,0.0,0.0,0.0
8476392,F,2,-0.011501021399485525,0.0,-0.010351594042105425,0.05398611517094507,-0.0027796544910653194,-0.0005147085668071994,0.0
8476872,F,2,-0.008069310374389136,0.0,-0.024029539133979958,-0.02990976073718072,-0.008676844820697971,0.0031886827083397224,0.0
8478062,D,2,0.0,-0.0315302471675,0.00035023423334315203,-0.0002449944926534125,0.0,0.0,0.0
8482165,D,2,0.0,-0.0315302471675,0.00040010039587291254,0.0006709566124282419,0.0,0.0,0.0
8471677,D,1,0.0,0.0,,,,,
8473453,F,1,-0.021035558384629133,0.0,,,,,
8474157,F,1,-0.012704139360647097,0.0,,,,,
8474166,D,1,0.0,0.0,,,,,
8474673,D,1,0.0,0.0,,,,,
8474709,F,1,-0.009181597313903186,0.0,,,,,
8475718,D,1,0.0,0.0,,,,,
8476934,F,1,-0.0031154368328581822,0.0,,,,,
8477353,F,1,-0.003309864438373855,0.0,,,,,
8477392,F,1,-0.0017992199855932191,0.0,,,,,
8477851,D,1,0.0,0.0,,,,,
8478099,F,1,-0.001382279646110269,0.0,,,,,
8478432,F,1,0.0007736580831439847,0.0,,,,,
8478585,F,1,-0.01485792598860869,0.0,,,,,
8479976,D,1,0.0,0.0,,,,,
8480172,D,1,0.0,0.0,,,,,
8481477,F,1,-0.003339589018289375,0.0,,,,,
8481600,D,1,0.0,0.0,,,,,
8481609,D,1,0.0,0.0,,,,,
8482700,D,1,0.0,0.0,,,,,
8483930,F,1,0.003086403842476081,0.0,,,,,
8470594,G,1,-0.038602488843698594,0.0,,,,,
8470600,D,1,0.0,0.0,,,,,
8471709,D,1,0.0,0.0,,,,,
8473446,D,1,0.0,0.0,,,,,
8473503,G,1,-0.021086861067463974,0.0,,,,,
8473575,G,1,-0.016264983922995347,0.0,,,,,
8473994,F,1,-0.023457976745545,0.0,,,,,
8474034,F,1,-0.017355051020622906,0.0,,,,,
8474090,D,1,0.0,0.0,,,,,
8474565,D,1,0.0,0.0,,,,,
8474682,G,1,-0.006077795183684564,0.0,,,,,
8474715,F,1,-0.015231460815950946,0.0,,,,,
8475177,D,1,0.0,0.0,,,,,
8475193,F,1,-0.014472121670918214,0.0,,,,,
8475197,D,1,0.0,0.0,,,,,
8475225,F,1,-0.013538684293519024,0.0,,,,,
8475233,D,1,0.0,0.0,,,,,
8475413,F,1,-0.006731760190200008,0.0,,,,,
8475692,F,1,-0.03264983887916177,0.0,,,,,
8475750,D,1,0.0,0.0,,,,,
8475763,F,1,-0.01204854344595553,0.0,,,,,
8475786,F,1,-0.017263813860226657,0.0,,,,,
8476442,F,1,-0.00506624466177394,0.0,,,,,
8476458,F,1,-0.011618101955174338,0.0,,,,,
8476858,F,1,-0.0033643225110758,0.0,,,,,
8476913,F,1,-0.0023740652277619897,0.0,,,,,
8476918,F,1,-0.006859183523921338,0.0,,,,,
8476979,D,1,0.0,0.0,,,,,
8477021,F,1,-0.007841036215989822,0.0,,,,,
8477335,D,1,0.0,0.0,,,,,
8477405,G,1,-0.0013621045338557318,0.0,,,,,
8477406,F,1,-0.010185107805286728,0.0,,,,,
8477426,F,1,-0.005816421499028557,0.0,,,,,
8477435,D,1,0.0,0.0,,,,,
8477484,G,1,-0.0004461408962846017,0.0,,,,,
8477493,F,1,-0.004365629662360308,0.0,,,,,
8477499,D,1,0.0,0.0,,,,,
8477831,G,1,-0.0035911064107354914,0.0,,,,,
8477931,F,1,-0.0063679126358391165,0.0,,,,,
8477944,F,1,-0.0006679020158539088,0.0,,,,,
8477952,F,1,-0.0016447094796743277,0.0,,,,,
8477971,D,1,0.0,0.0,,,,,
8477979,F,1,-0.0006844901551245526,0.0,,,,,
8478024,G,1,-0.0013669918386442492,0.0,,,,,
8478039,G,1,0.0017791126247461283,0.0,,,,,
8478046,F,1,-0.003750000658415044,0.0,,,,,
8478115,F,1,-0.0012002098121308025,0.0,,,,,
8478146,F,1,-0.0010777821139699307,0.0,,,,,
8478408,D,1,0.0,0.0,,,,,
8478430,D,1,0.0,0.0,,,,,
8478466,F,1,0.00047910108272613714,0.0,,,,,
8478477,F,1,0.0001279486634963666,0.0,,,,,
8478492,G,1,0.006087290350681198,0.0,,,,,
8478502,D,1,0.0,0.0,,,,,
8478905,G,1,0.0016599127381280098,0.0,,,,,
8478971,G,1,0.005295072193823725,0.0,,,,,
8479291,F,1,-0.005554648464935314,0.0,,,,,
8479314,F,1,0.0033115870289413467,0.0,,,,,
8479315,F,1,0.0018278816337319024,0.0,,,,,
8479336,F,1,0.0014692499640880236,0.0,,,,,
8479344,F,1,0.0015177090613550336,0.0,,,,,
8479356,F,1,0.001189490481647571,0.0,,,,,
8479361,G,1,0.010686009639150158,0.0,,,,,
8479368,F,1,0.0015196932749145227,0.0,,,,,
8479387,D,1,0.0,0.0,,,,,
8479523,D,1,0.0,0.0,,,,,
8479968,F,1,-0.0018139863545120888,0.0,,,,,
8480011,F,1,0.003114690570956245,0.0,,,,,
8480049,D,1,0.0,0.0,,,,,
8480070,D,1,0.0,0.0,,,,,
8480073,D,1,0.0,0.0,,,,,
8480084,D,1,0.0,0.0,,,,,
8480144,F,1,-0.004682446116486234,0.0,,,,,
8480192,D,1,0.0,0.0,,,,,
8480382,G,1,0.002578386951883384,0.0,,,,,
8480789,F,1,0.003979520061835284,0.0,,,,,
8480845,F,1,0.004499186323448611,0.0,,,,,
8480851,F,1,0.0010520805559363841,0.0,,,,,
8480880,F,1,0.004625054917662342,0.0,,,,,
8481019,F,1,0.003266418807007772,0.0,,,,,
8481028,F,1,0.0064912618238051785,0.0,,,,,
8481042,F,1,0.0025103330118494086,0.0,,,,,
8481059,D,1,0.0,0.0,,,,,
8481186,F,1,-0.000795038216965559,0.0,,,,,
8481517,F,1,0.005230792731960549,0.0,,,,,
8481535,F,1,0.008642732148876706,0.0,,,,,
8481567,D,1,0.0,0.0,,,,,
8481592,F,1,0.004399863143992019,0.0,,,,,
8481708,D,1,0.0,0.0,,,,,
8481743,D,1,0.0,0.0,,,,,
8482132,F,1,0.0026841648654962083,0.0,,,,,
8482144,D,1,0.0,0.0,,,,,
8482149,F,1,0.014406175522678895,0.0,,,,,
8482221,G,1,0.008929417170402245,0.0,,,,,
8482446,G,1,0.004685940369043501,0.0,,,,,
8482451,F,1,0.004928946724014788,0.0,,,,,
8482652,F,1,0.0007071997962618051,0.0,,,,,
8482742,F,1,0.00609043569685285,0.0,,,,,
8482858,D,1,0.0,0.0,,,,,
8482859,F,1,0.004429058338192489,0.0,,,,,
8483448,D,1,0.0,0.0,,,,,
8483466,D,1,0.0,0.0,,,,,
8483505,F,1,0.007029106143673292,0.0,,,,,
