team,division,projected_points,std_dev,std_error,playoff_prob,market_ou,diff_vs_market,sims
COL,Central,113.33,8.09,0.081,0.9859,107.5,5.83,10000
CAR,Metropolitan,106.3,8.16,0.082,0.9037,108.5,-2.2,10000
EDM,Pacific,105.18,8.19,0.082,0.898,104.5,0.68,10000
PIT,Metropolitan,104.72,8.2,0.082,0.8683,90.5,14.22,10000
TBL,Atlantic,104.46,8.22,0.082,0.8637,103.5,0.96,10000
VGK,Pacific,102.81,8.43,0.084,0.8328,103.5,-0.69,10000
OTT,Atlantic,102.17,8.24,0.082,0.7971,94.5,7.67,10000
NSH,Central,101.9,8.31,0.083,0.8132,85.5,16.4,10000
WSH,Metropolitan,101.73,8.32,0.083,0.7779,100.5,1.23,10000
MIN,Central,99.04,8.29,0.083,0.7132,102.5,-3.46,10000
DAL,Central,98.06,8.49,0.085,0.6668,100.5,-2.44,10000
STL,Central,97.84,8.4,0.084,0.6526,85.5,12.34,10000
NJD,Metropolitan,97.03,8.44,0.084,0.5771,96.5,0.53,10000
PHI,Metropolitan,96.3,8.33,0.083,0.5487,92.5,3.8,10000
NYR,Metropolitan,95.82,8.5,0.085,0.5233,88.5,7.32,10000
UTA,Central,95.1,8.36,0.084,0.5304,96.5,-1.4,10000
FLA,Atlantic,95.0,8.4,0.084,0.479,107.5,-12.5,10000
SJS,Pacific,94.36,8.43,0.084,0.4931,94.5,-0.14,10000
LAK,Pacific,92.88,8.4,0.084,0.4263,95.5,-2.62,10000
CBJ,Metropolitan,92.65,8.47,0.085,0.3659,92.5,0.15,10000
MTL,Atlantic,92.43,8.51,0.085,0.3564,99.5,-7.07,10000
BOS,Atlantic,91.19,8.36,0.084,0.3031,87.5,3.69,10000
SEA,Pacific,90.25,8.42,0.084,0.3045,80.5,9.75,10000
BUF,Atlantic,89.2,8.4,0.084,0.2233,95.5,-6.3,10000
ANA,Pacific,88.78,8.28,0.083,0.2444,95.5,-6.72,10000
TOR,Atlantic,88.48,8.42,0.084,0.2044,95.5,-7.02,10000
WPG,Central,88.38,8.45,0.085,0.2313,85.5,2.88,10000
CGY,Pacific,86.94,8.35,0.083,0.181,77.5,9.44,10000
DET,Atlantic,86.28,8.46,0.085,0.1389,87.5,-1.22,10000
NYI,Metropolitan,82.76,8.54,0.085,0.0692,87.5,-4.74,10000
VAN,Pacific,77.74,8.36,0.084,0.0249,74.5,3.24,10000
CHI,Central,69.95,8.26,0.083,0.0016,79.5,-9.55,10000
