team,division,projected_points,std_dev,std_error,playoff_prob,pinnacle_ou,difference,sims
COL,Central,113.3305,8.088366,0.080884,0.9859,,,10000
CAR,Metropolitan,106.3016,8.164425,0.081644,0.9037,,,10000
EDM,Pacific,105.1814,8.19144,0.081914,0.898,,,10000
PIT,Metropolitan,104.717,8.201409,0.082014,0.8683,,,10000
TBL,Atlantic,104.4571,8.22406,0.082241,0.8637,,,10000
VGK,Pacific,102.8062,8.430186,0.084302,0.8328,,,10000
OTT,Atlantic,102.1711,8.242174,0.082422,0.7971,,,10000
NSH,Central,101.8992,8.308348,0.083083,0.8132,,,10000
WSH,Metropolitan,101.7314,8.318741,0.083187,0.7779,,,10000
MIN,Central,99.0412,8.290229,0.082902,0.7132,,,10000
DAL,Central,98.0574,8.485523,0.084855,0.6668,,,10000
STL,Central,97.842,8.395239,0.083952,0.6526,,,10000
NJD,Metropolitan,97.0312,8.444479,0.084445,0.5771,,,10000
PHI,Metropolitan,96.299,8.332347,0.083323,0.5487,,,10000
NYR,Metropolitan,95.8196,8.500862,0.085009,0.5233,,,10000
UTA,Central,95.0991,8.364417,0.083644,0.5304,,,10000
FLA,Atlantic,94.9994,8.40144,0.084014,0.479,,,10000
SJS,Pacific,94.362,8.425174,0.084252,0.4931,,,10000
LAK,Pacific,92.8841,8.399052,0.083991,0.4263,,,10000
CBJ,Metropolitan,92.6481,8.466373,0.084664,0.3659,,,10000
MTL,Atlantic,92.4289,8.505207,0.085052,0.3564,,,10000
BOS,Atlantic,91.1914,8.36117,0.083612,0.3031,,,10000
SEA,Pacific,90.2525,8.423559,0.084236,0.3045,,,10000
BUF,Atlantic,89.2015,8.399411,0.083994,0.2233,,,10000
ANA,Pacific,88.7802,8.279981,0.0828,0.2444,,,10000
TOR,Atlantic,88.4839,8.415732,0.084157,0.2044,,,10000
WPG,Central,88.3781,8.450133,0.084501,0.2313,,,10000
CGY,Pacific,86.9361,8.34833,0.083483,0.181,,,10000
DET,Atlantic,86.2784,8.461861,0.084619,0.1389,,,10000
NYI,Metropolitan,82.7643,8.544902,0.085449,0.0692,,,10000
VAN,Pacific,77.7411,8.364823,0.083648,0.0249,,,10000
CHI,Central,69.9523,8.259856,0.082599,0.0016,,,10000
