team,division,market_ou,source
ANA,Pacific,95.5,Bet365 current lines 2026-09-28
BOS,Atlantic,87.5,Bet365 current lines 2026-09-28
BUF,Atlantic,95.5,Bet365 current lines 2026-09-28
CGY,Pacific,77.5,Bet365 current lines 2026-09-28
CAR,Metropolitan,108.5,Bet365 current lines 2026-09-28
CHI,Central,79.5,Bet365 current lines 2026-09-28
COL,Central,107.5,Bet365 current lines 2026-09-28
CBJ,Metropolitan,92.5,Bet365 current lines 2026-09-28
DAL,Central,100.5,Bet365 current lines 2026-09-28
DET,Atlantic,87.5,Bet365 current lines 2026-09-28
EDM,Pacific,104.5,Bet365 current lines 2026-09-28
FLA,Atlantic,107.5,Bet365 current lines 2026-09-28
LAK,Pacific,95.5,Bet365 current lines 2026-09-28
MIN,Central,102.5,Bet365 current lines 2026-09-28
MTL,Atlantic,99.5,Bet365 current lines 2026-09-28
NSH,Central,85.5,Bet365 current lines 2026-09-28
NJD,Metropolitan,96.5,Bet365 current lines 2026-09-28
NYI,Metropolitan,87.5,Bet365 current lines 2026-09-28
NYR,Metropolitan,88.5,Bet365 current lines 2026-09-28
OTT,Atlantic,94.5,Bet365 current lines 2026-09-28
PHI,Metropolitan,92.5,Bet365 current lines 2026-09-28
PIT,Metropolitan,90.5,Bet365 current lines 2026-09-28
SJS,Pacific,94.5,Bet365 current lines 2026-09-28
SEA,Pacific,80.5,Bet365 current lines 2026-09-28
STL,Central,85.5,Bet365 current lines 2026-09-28
TBL,Atlantic,103.5,Bet365 current lines 2026-09-28
TOR,Atlantic,95.5,Bet365 current lines 2026-09-28
UTA,Central,96.5,Bet365 current lines 2026-09-28
VAN,Pacific,74.5,Bet365 current lines 2026-09-28
VGK,Pacific,103.5,Bet365 current lines 2026-09-28
WSH,Metropolitan,100.5,Bet365 current lines 2026-09-28
WPG,Central,85.5,Bet365 current lines 2026-09-28
